{"initial_reset_timestamp": 1675952780.991576, "timestamps": [1675952782.820159, 1675952783.169759, 1675952783.721225, 1675952784.203491, 1675952784.6734478, 1675952785.151933, 1675952788.2837372, 1675952788.741879, 1675952789.2093089, 1675952789.6657028, 1675952790.1348732, 1675952790.583313, 1675952791.028618, 1675952795.524004, 1675952797.940467, 1675952800.3850482, 1675952802.853793, 1675952805.3292842, 1675952807.827671, 1675952810.346234, 1675952815.4202082, 1675952818.163563, 1675952821.6594582, 1675952824.5328279, 1675952827.3845062, 1675952830.252915, 1675952835.603785, 1675952838.305998, 1675952841.068636, 1675952843.800964, 1675952846.566795, 1675952849.348911, 1675952852.117252, 1675952857.4889002, 1675952860.242868, 1675952862.9785018, 1675952865.9612958, 1675952868.7146702, 1675952871.461968, 1675952874.164282, 1675952879.501857, 1675952882.223975, 1675952884.939399, 1675952887.625937, 1675952890.3077388, 1675952892.974643, 1675952898.234061, 1675952900.893348, 1675952903.536236, 1675952906.166425, 1675952908.791618, 1675952911.424177, 1675952914.1335528, 1675952919.571862, 1675952922.210897, 1675952924.8352551, 1675952927.45016, 1675952930.070884, 1675952932.671266, 1675952935.267607, 1675952940.6292028, 1675952943.296556, 1675952945.887257, 1675952948.474578, 1675952951.074413, 1675952952.395645, 1675952953.4129531, 1675952958.855711, 1675952961.4343889, 1675952964.001632, 1675952966.556302, 1675952969.150675, 1675952971.735987, 1675952974.346772, 1675952979.651791, 1675952982.253197, 1675952983.7659678, 1675952986.341217, 1675952988.9208598, 1675952991.509399, 1675952994.0853639, 1675952999.4419389, 1675953002.097492, 1675953004.7032561, 1675953007.28765, 1675953009.8697898, 1675953012.46312, 1675953015.0414872, 1675953020.380727, 1675953022.973609, 1675953025.551306, 1675953028.136393, 1675953030.712068, 1675953033.329781, 1675953038.793431, 1675953041.388777, 1675953043.986043, 1675953046.572311, 1675953049.178487, 1675953051.7648158, 1675953054.345172, 1675953059.7663748, 1675953062.368979, 1675953064.9887402, 1675953067.583671, 1675953070.173755, 1675953072.771508, 1675953075.354242, 1675953080.756428, 1675953083.366903, 1675953085.94732, 1675953088.547664, 1675953091.137425, 1675953093.756247, 1675953099.14354, 1675953101.7224362, 1675953105.187221, 1675953107.9289658, 1675953110.519082, 1675953113.118125, 1675953115.686857, 1675953120.441642, 1675953184.291282, 1675953189.124504, 1675953192.1929889, 1675953195.2584052, 1675953198.525316, 1675953201.127347, 1675953206.590642, 1675953209.194973, 1675953212.101077, 1675953214.83534, 1675953217.43183, 1675953219.722822, 1675953222.7404191, 1675953228.15688, 1675953230.759805, 1675953233.5072472, 1675953236.5836658, 1675953239.243053, 1675953241.904567, 1675953247.3205252, 1675953249.983055, 1675953252.566287, 1675953255.176285, 1675953257.755344, 1675953260.3372412, 1675953262.938015, 1675953268.286259, 1675953270.889845, 1675953273.5013812, 1675953276.081939, 1675953278.663124, 1675953281.253966, 1675953283.84726, 1675953289.197679, 1675953291.83282, 1675953295.0128908, 1675953297.606703, 1675953300.150511, 1675953302.761112, 1675953305.388335, 1675953310.7765949, 1675953313.400152, 1675953315.9943502, 1675953318.601679, 1675953321.2060108, 1675953323.786716, 1675953329.0973928, 1675953331.7223969, 1675953334.383679, 1675953336.996638, 1675953339.5922098, 1675953342.190484, 1675953344.7929878], "episode_lengths": [150, 150, 150, 150, 150, 150, 150, 150, 150, 150, 150, 150, 150, 150, 150, 150, 150, 150, 150, 150, 150, 150, 150, 150, 150, 150, 150, 150, 150, 150, 150, 150, 150, 150, 150, 150, 150, 150, 150, 150, 150, 150, 150, 150, 150, 150, 150, 150, 150, 150, 150, 150, 150, 150, 150, 150, 150, 150, 150, 150, 150, 150, 150, 150, 150, 73, 54, 150, 150, 150, 150, 150, 150, 150, 150, 150, 84, 150, 150, 150, 150, 150, 150, 150, 150, 150, 150, 150, 150, 150, 150, 150, 150, 150, 150, 150, 150, 150, 150, 150, 150, 150, 150, 150, 150, 150, 150, 150, 150, 150, 150, 150, 150, 150, 150, 150, 150, 150, 150, 150, 150, 113, 150, 150, 150, 150, 150, 150, 150, 150, 150, 150, 150, 128, 150, 150, 150, 150, 150, 150, 150, 150, 150, 150, 150, 150, 150, 150, 150, 150, 150, 150, 150, 150, 150, 150, 150, 150, 150, 147, 150, 150, 150, 150, 150, 150, 150, 150, 150, 150, 150, 150, 150, 150, 150], "episode_rewards": [-150.0, -150.0, -150.0, -150.0, -150.0, -150.0, -150.0, -150.0, -150.0, -150.0, -150.0, -150.0, -150.0, -150.0, -150.0, -150.0, -150.0, -150.0, -150.0, -150.0, -150.0, -150.0, -150.0, -150.0, -150.0, -150.0, -150.0, -150.0, -150.0, -150.0, -150.0, -150.0, -150.0, -150.0, -150.0, -150.0, -150.0, -150.0, -150.0, -150.0, -150.0, -150.0, -150.0, -150.0, -150.0, -150.0, -150.0, -150.0, -150.0, -150.0, -150.0, -150.0, -150.0, -150.0, -150.0, -150.0, -150.0, -150.0, -150.0, -150.0, -150.0, -150.0, -150.0, -150.0, -150.0, -72.0, -53.0, -150.0, -150.0, -150.0, -150.0, -150.0, -150.0, -150.0, -150.0, -150.0, -83.0, -150.0, -150.0, -150.0, -150.0, -150.0, -150.0, -150.0, -150.0, -150.0, -150.0, -150.0, -150.0, -150.0, -150.0, -150.0, -150.0, -150.0, -150.0, -150.0, -150.0, -150.0, -150.0, -150.0, -150.0, -150.0, -150.0, -150.0, -150.0, -150.0, -150.0, -150.0, -150.0, -150.0, -150.0, -150.0, -150.0, -150.0, -150.0, -150.0, -150.0, -150.0, -150.0, -150.0, -150.0, -112.0, -150.0, -150.0, -150.0, -150.0, -150.0, -150.0, -150.0, -150.0, -150.0, -150.0, -150.0, -127.0, -150.0, -150.0, -150.0, -150.0, -150.0, -150.0, -150.0, -150.0, -150.0, -150.0, -150.0, -150.0, -150.0, -150.0, -150.0, -150.0, -150.0, -150.0, -150.0, -150.0, -150.0, -150.0, -150.0, -150.0, -150.0, -146.0, -150.0, -150.0, -150.0, -150.0, -150.0, -150.0, -150.0, -150.0, -150.0, -150.0, -150.0, -150.0, -150.0, -150.0, -150.0], "episode_types": ["t", "t", "t", "t", "t", "t", "t", "t", "t", "t", "t", "t", "t", "t", "t", "t", "t", "t", "t", "t", "t", "t", "t", "t", "t", "t", "t", "t", "t", "t", "t", "t", "t", "t", "t", "t", "t", "t", "t", "t", "t", "t", "t", "t", "t", "t", "t", "t", "t", "t", "t", "t", "t", "t", "t", "t", "t", "t", "t", "t", "t", "t", "t", "t", "t", "t", "t", "t", "t", "t", "t", "t", "t", "t", "t", "t", "t", "t", "t", "t", "t", "t", "t", "t", "t", "t", "t", "t", "t", "t", "t", "t", "t", "t", "t", "t", "t", "t", "t", "t", "t", "t", "t", "t", "t", "t", "t", "t", "t", "t", "t", "t", "t", "t", "t", "t", "t", "t", "t", "t", "t", "t", "t", "t", "t", "t", "t", "t", "t", "t", "t", "t", "t", "t", "t", "t", "t", "t", "t", "t", "t", "t", "t", "t", "t", "t", "t", "t", "t", "t", "t", "t", "t", "t", "t", "t", "t", "t", "t", "t", "t", "t", "t", "t", "t", "t", "t", "t", "t", "t", "t", "t", "t", "t", "t", "t"]}