{"initial_reset_timestamp": 1675952781.146462, "timestamps": [1675952781.3821702, 1675952781.602512, 1675952781.823172, 1675952782.046301, 1675952782.273791, 1675952782.494304, 1675952782.7155259, 1675952786.816779, 1675952787.037838, 1675952787.261088, 1675952787.481984, 1675952787.70864, 1675952787.929318, 1675952788.15198, 1675952792.566994, 1675952792.8611772, 1675952793.080837, 1675952793.307557, 1675952793.537672, 1675952793.7671099, 1675952793.991033, 1675952811.772646, 1675952811.980454, 1675952812.189933, 1675952812.397553, 1675952812.6037261, 1675952812.8124, 1675952813.02168, 1675952833.474205, 1675952833.680736, 1675952833.888059, 1675952834.097397, 1675952834.307476, 1675952834.5161972, 1675952834.732803, 1675952854.434339, 1675952854.6391208, 1675952854.849966, 1675952855.0601752, 1675952855.265169, 1675952855.470349, 1675952855.6767921, 1675952875.655166, 1675952875.8615801, 1675952876.069227, 1675952876.276192, 1675952876.484446, 1675952876.697431, 1675952876.9064808, 1675952896.135503, 1675952896.348746, 1675952896.5558531, 1675952896.764895, 1675952896.979618, 1675952897.192617, 1675952897.39802, 1675952916.4996932, 1675952916.739591, 1675952916.972449, 1675952917.207617, 1675952917.4423318, 1675952917.675026, 1675952917.906622, 1675952936.740227, 1675952936.972064, 1675952937.1988869, 1675952937.425712, 1675952937.6542132, 1675952937.8786108, 1675952938.109472, 1675952957.018718, 1675952957.249044, 1675952957.4755929, 1675952957.709543, 1675952957.945513, 1675952958.181091, 1675952958.404118, 1675952977.0144808, 1675952977.254909, 1675952977.475392, 1675952977.703007, 1675952977.93013, 1675952978.158328, 1675952978.3889742, 1675952997.051724, 1675952997.274653, 1675952997.495938, 1675952997.718699, 1675952997.946943, 1675952998.178089, 1675952998.404935, 1675953017.166118, 1675953017.396619, 1675953017.62766, 1675953017.857559, 1675953018.09471, 1675953018.326862, 1675953018.559623, 1675953037.2171001, 1675953037.450457, 1675953037.6820369, 1675953037.911584, 1675953038.146971, 1675953038.3786829, 1675953038.6098728, 1675953057.366407, 1675953057.5972638, 1675953057.828613, 1675953058.0739741, 1675953058.311069, 1675953058.543387, 1675953058.77178, 1675953077.543808, 1675953077.775651, 1675953078.0166001, 1675953078.2488608, 1675953078.482568, 1675953078.713362, 1675953078.944285, 1675953097.522469, 1675953097.753323, 1675953097.987726, 1675953098.222445, 1675953098.455848, 1675953098.6876822, 1675953098.924145, 1675953118.6656132, 1675953118.900615, 1675953119.138956, 1675953119.374965, 1675953119.608171, 1675953119.839555, 1675953120.070317, 1675953203.86977, 1675953204.1073651, 1675953204.344522, 1675953204.580124, 1675953204.816416, 1675953205.053211, 1675953205.294114, 1675953225.0468109, 1675953225.2870889, 1675953225.526294, 1675953225.761512, 1675953226.0043461, 1675953226.24223, 1675953226.4756072, 1675953245.9234939, 1675953246.154766, 1675953246.382821, 1675953246.6141582, 1675953246.8462489, 1675953247.079992, 1675953247.314534, 1675953266.02585, 1675953266.257817, 1675953266.4902909, 1675953266.726101, 1675953266.965141, 1675953267.20074, 1675953267.434093, 1675953286.119483, 1675953286.351625, 1675953286.5836859, 1675953286.816084, 1675953287.050459, 1675953287.2853298, 1675953287.5198662, 1675953306.861003, 1675953307.0963311, 1675953307.326359, 1675953307.563901, 1675953307.79863, 1675953308.033238, 1675953308.263842, 1675953326.9096792, 1675953327.1441228, 1675953327.3774679, 1675953327.605669, 1675953327.8369422, 1675953328.069996, 1675953328.3008761, 1675953347.077279, 1675953347.303982, 1675953347.533061, 1675953347.763297], "episode_lengths": [150, 150, 150, 150, 150, 150, 150, 150, 150, 150, 150, 150, 150, 150, 150, 150, 150, 150, 150, 150, 150, 150, 150, 150, 150, 150, 150, 150, 150, 150, 150, 150, 150, 150, 150, 150, 150, 150, 150, 150, 150, 150, 150, 150, 150, 150, 150, 150, 150, 150, 150, 150, 150, 150, 150, 150, 150, 150, 150, 150, 150, 150, 150, 150, 150, 150, 150, 150, 150, 150, 150, 150, 150, 150, 150, 150, 150, 134, 150, 150, 150, 150, 150, 150, 150, 150, 150, 150, 150, 150, 150, 150, 150, 150, 150, 150, 150, 150, 150, 150, 150, 150, 150, 150, 150, 150, 150, 150, 150, 150, 150, 150, 150, 150, 150, 150, 150, 150, 150, 150, 150, 150, 150, 150, 150, 150, 150, 150, 150, 150, 150, 150, 150, 150, 150, 150, 150, 150, 150, 150, 150, 150, 150, 150, 150, 150, 150, 150, 150, 150, 150, 150, 150, 150, 150, 150, 150, 150, 150, 150, 150, 150, 150, 150, 150, 150, 150, 150, 150, 150, 150, 150, 150, 150, 150, 150, 150, 150, 150, 150, 150, 150, 150, 150, 150, 150], "episode_rewards": [-150.0, -150.0, -150.0, -150.0, -150.0, -150.0, -150.0, -150.0, -150.0, -150.0, -150.0, -150.0, -150.0, -150.0, -150.0, -150.0, -150.0, -150.0, -150.0, -150.0, -150.0, -150.0, -150.0, -150.0, -150.0, -150.0, -150.0, -150.0, -150.0, -150.0, -150.0, -150.0, -150.0, -150.0, -150.0, -150.0, -150.0, -150.0, -150.0, -150.0, -150.0, -150.0, -150.0, -150.0, -150.0, -150.0, -150.0, -150.0, -150.0, -150.0, -150.0, -150.0, -150.0, -150.0, -150.0, -150.0, -150.0, -150.0, -150.0, -150.0, -150.0, -150.0, -150.0, -150.0, -150.0, -150.0, -150.0, -150.0, -150.0, -150.0, -150.0, -150.0, -150.0, -150.0, -150.0, -150.0, -150.0, -133.0, -150.0, -150.0, -150.0, -150.0, -150.0, -150.0, -150.0, -150.0, -150.0, -150.0, -150.0, -150.0, -150.0, -150.0, -150.0, -150.0, -150.0, -150.0, -150.0, -150.0, -150.0, -150.0, -150.0, -150.0, -150.0, -150.0, -150.0, -150.0, -150.0, -150.0, -150.0, -150.0, -150.0, -150.0, -150.0, -150.0, -150.0, -150.0, -150.0, -150.0, -150.0, -150.0, -150.0, -150.0, -150.0, -150.0, -150.0, -150.0, -150.0, -150.0, -150.0, -150.0, -150.0, -150.0, -150.0, -150.0, -150.0, -150.0, -150.0, -150.0, -150.0, -150.0, -150.0, -150.0, -150.0, -150.0, -150.0, -150.0, -150.0, -150.0, -150.0, -150.0, -150.0, -150.0, -150.0, -150.0, -150.0, -150.0, -150.0, -150.0, -150.0, -150.0, -150.0, -150.0, -150.0, -150.0, -150.0, -150.0, -150.0, -150.0, -150.0, -150.0, -150.0, -150.0, -150.0, -150.0, -150.0, -150.0, -150.0, -150.0, -150.0, -150.0, -150.0, -150.0, -150.0, -150.0, -150.0, -150.0], "episode_types": ["t", "t", "t", "t", "t", "t", "t", "t", "t", "t", "t", "t", "t", "t", "t", "t", "t", "t", "t", "t", "t", "t", "t", "t", "t", "t", "t", "t", "t", "t", "t", "t", "t", "t", "t", "t", "t", "t", "t", "t", "t", "t", "t", "t", "t", "t", "t", "t", "t", "t", "t", "t", "t", "t", "t", "t", "t", "t", "t", "t", "t", "t", "t", "t", "t", "t", "t", "t", "t", "t", "t", "t", "t", "t", "t", "t", "t", "t", "t", "t", "t", "t", "t", "t", "t", "t", "t", "t", "t", "t", "t", "t", "t", "t", "t", "t", "t", "t", "t", "t", "t", "t", "t", "t", "t", "t", "t", "t", "t", "t", "t", "t", "t", "t", "t", "t", "t", "t", "t", "t", "t", "t", "t", "t", "t", "t", "t", "t", "t", "t", "t", "t", "t", "t", "t", "t", "t", "t", "t", "t", "t", "t", "t", "t", "t", "t", "t", "t", "t", "t", "t", "t", "t", "t", "t", "t", "t", "t", "t", "t", "t", "t", "t", "t", "t", "t", "t", "t", "t", "t", "t", "t", "t", "t", "t", "t", "t", "t", "t", "t", "t", "t", "t", "t", "t", "t"]}