{"initial_reset_timestamp": 1675886592.1583161, "timestamps": [1675886592.404387, 1675886592.637588, 1675886592.87299, 1675886593.138335, 1675886593.37041, 1675886593.601387, 1675886593.8312519, 1675886594.064747, 1675886594.293639, 1675886594.525575, 1675886594.760555, 1675886594.9894521, 1675886595.218354, 1675886595.448354, 1675886595.678229, 1675886595.907511, 1675886596.136565, 1675886596.367859, 1675886596.597992, 1675886596.830216, 1675886597.0701451, 1675886604.289302, 1675886604.5189152, 1675886604.756265, 1675886604.994553, 1675886605.224921, 1675886605.454609, 1675886605.684681, 1675886605.9127119, 1675886606.144119, 1675886606.3748329, 1675886606.603384, 1675886606.835686, 1675886607.069797, 1675886607.301066, 1675886607.5289652, 1675886607.8016, 1675886608.031805, 1675886608.263718, 1675886608.500059, 1675886608.754313, 1675886616.2215402, 1675886616.452717, 1675886616.683441, 1675886616.916322, 1675886617.152809, 1675886617.381823, 1675886617.61133, 1675886617.843864, 1675886618.074917, 1675886618.305648, 1675886618.583445, 1675886618.816385, 1675886619.04778, 1675886619.276474, 1675886619.5045178, 1675886619.736824, 1675886619.9678211, 1675886620.202893, 1675886620.435924, 1675886620.6648672, 1675886642.119309, 1675886642.348814, 1675886642.582338, 1675886642.8110452, 1675886643.092303, 1675886643.320657, 1675886643.5515678, 1675886643.775987, 1675886644.0065658, 1675886644.237874, 1675886644.4671848, 1675886644.694274, 1675886644.928072, 1675886645.158655, 1675886645.390282, 1675886645.617277, 1675886645.8494642, 1675886646.081918, 1675886646.307497, 1675886646.535102, 1675886646.7657988, 1675886672.5364978, 1675886672.750839, 1675886672.9621499, 1675886673.234565, 1675886673.447639, 1675886673.650441, 1675886673.856388, 1675886674.083617, 1675886674.306516, 1675886674.510593, 1675886674.71966, 1675886674.936456, 1675886675.158933, 1675886675.366187, 1675886675.5887492, 1675886675.800562, 1675886676.005014, 1675886676.2141938, 1675886676.434417, 1675886676.646724, 1675886676.85521, 1675886677.068595, 1675886677.2724962, 1675886677.4959, 1675886677.753163, 1675886677.9627578, 1675886678.1709912, 1675886678.373159, 1675886678.585828, 1675886678.7941, 1675886679.002903, 1675886679.232546, 1675886679.4371798, 1675886679.653522, 1675886679.8598442, 1675886680.0751412, 1675886680.281912, 1675886680.500027, 1675886680.703367, 1675886680.917855, 1675886681.144562, 1675886710.1579032, 1675886710.364716, 1675886710.5723488, 1675886710.778246, 1675886710.981952, 1675886711.193117, 1675886711.396773, 1675886711.603231, 1675886711.812185, 1675886712.0151281, 1675886712.221785, 1675886712.423706, 1675886712.62922, 1675886712.880951, 1675886713.084852, 1675886713.292966, 1675886713.4979, 1675886713.705197, 1675886713.910414, 1675886714.1172621, 1675886714.3251011, 1675886714.533421, 1675886714.7413828, 1675886714.958056, 1675886715.165451, 1675886715.3683279, 1675886715.580734, 1675886715.790415, 1675886715.99563, 1675886716.202615, 1675886716.412432, 1675886716.6165602, 1675886716.862624, 1675886717.0872629, 1675886717.295556, 1675886717.500919, 1675886717.704967, 1675886717.912106, 1675886718.116436, 1675886718.326599, 1675886718.531706, 1675886718.737233, 1675886718.985292, 1675886719.1912682, 1675886719.394399, 1675886719.603125, 1675886719.807159, 1675886720.013986, 1675886720.221693, 1675886720.429471, 1675886720.638201, 1675886720.852412, 1675886721.0588531, 1675886721.2665138, 1675886721.474776, 1675886721.6879702, 1675886721.893059, 1675886722.1000051, 1675886722.312387, 1675886722.51908, 1675886722.72987, 1675886722.9403572, 1675886723.1479192, 1675886723.351834, 1675886723.558421, 1675886749.908986, 1675886750.113757, 1675886750.367556, 1675886750.570401, 1675886750.779171, 1675886750.981262, 1675886751.190447, 1675886751.3948932, 1675886751.599388, 1675886751.805879, 1675886752.0142, 1675886752.2452211, 1675886752.454144, 1675886752.658787, 1675886752.875697, 1675886753.087334, 1675886753.29158, 1675886753.498976, 1675886753.709592, 1675886753.915029, 1675886754.13373, 1675886754.339652, 1675886754.5463831, 1675886754.759806, 1675886754.9681852, 1675886755.1749692, 1675886755.379738, 1675886755.581876, 1675886755.790635, 1675886755.998446, 1675886756.201371, 1675886756.405609, 1675886756.653721, 1675886756.8623621, 1675886757.0707572, 1675886757.277202, 1675886757.4829419, 1675886757.689501, 1675886757.899123, 1675886758.107328, 1675886758.315508, 1675886758.5253818, 1675886758.735457, 1675886758.95136, 1675886759.1611001, 1675886759.375433, 1675886759.586486, 1675886759.792556, 1675886759.999562, 1675886760.207249, 1675886760.418721, 1675886760.629806, 1675886760.852622, 1675886761.076789, 1675886761.287293, 1675886761.610115, 1675886761.8304682, 1675886762.040877, 1675886762.258075, 1675886762.469915, 1675886762.680135, 1675886762.8870862, 1675886763.0942988, 1675886763.343621, 1675886763.54922, 1675886763.756088, 1675886787.520333, 1675886787.726847, 1675886787.93331, 1675886788.1414862, 1675886788.3958452, 1675886788.601016, 1675886788.808498, 1675886789.017977, 1675886789.22825, 1675886789.4501178, 1675886789.653623, 1675886789.8612192, 1675886790.068034, 1675886790.274003, 1675886790.480513, 1675886790.694668, 1675886790.900982, 1675886791.11072, 1675886791.317815, 1675886791.539778, 1675886791.747006, 1675886791.956592, 1675886792.165292, 1675886792.373779, 1675886792.577718, 1675886792.783922, 1675886793.00209, 1675886793.2119691, 1675886793.418258, 1675886793.664093, 1675886793.871255, 1675886794.0772212, 1675886794.287601, 1675886794.493304, 1675886794.706408, 1675886794.917929, 1675886795.1289952, 1675886795.3315158, 1675886795.539569, 1675886795.743266, 1675886795.94629, 1675886796.151384, 1675886796.358476, 1675886796.5631318, 1675886796.773451, 1675886796.9873438, 1675886797.196377, 1675886797.402007, 1675886797.605788, 1675886797.811471, 1675886798.016222, 1675886798.248366, 1675886798.462089, 1675886798.674332, 1675886798.9314518, 1675886799.1418262, 1675886799.346601, 1675886799.5519948, 1675886823.302739, 1675886823.555118, 1675886823.763977, 1675886823.968642, 1675886824.1742852, 1675886824.379006, 1675886824.5864298, 1675886824.794867, 1675886825.005676, 1675886825.212671, 1675886825.417762, 1675886825.627556, 1675886825.8345358, 1675886826.040121, 1675886826.243715, 1675886826.448403, 1675886826.654418, 1675886826.863042, 1675886827.066633, 1675886827.2746959, 1675886827.4780061, 1675886827.6850078, 1675886827.888751, 1675886828.096916, 1675886828.3033721, 1675886828.5096378, 1675886828.715831, 1675886828.92679, 1675886829.1315331, 1675886829.336894, 1675886829.5898309, 1675886829.7949991, 1675886830.001368, 1675886830.2117, 1675886830.4190662, 1675886830.629816, 1675886830.837506, 1675886831.04636, 1675886831.2550988, 1675886831.471905, 1675886831.680976, 1675886831.886795, 1675886832.092309, 1675886832.295943, 1675886832.510766, 1675886832.721745, 1675886832.93234, 1675886833.140852, 1675886833.347677, 1675886833.550278, 1675886833.7567859, 1675886833.9651232, 1675886834.174772, 1675886834.427549, 1675886834.6332989, 1675886834.8473659, 1675886835.05269, 1675886835.2606232, 1675886835.4656131, 1675886835.6774259, 1675886835.8839848, 1675886836.094003, 1675886836.301904, 1675886836.513338, 1675886836.721191, 1675886836.930866, 1675886837.159391, 1675886837.3675],