{"initial_reset_timestamp": 1675886591.9155169, "timestamps": [1675886597.109596, 1675886597.344224, 1675886597.61635, 1675886597.8398159, 1675886598.065032, 1675886598.4182122, 1675886598.757729, 1675886599.080737, 1675886599.392816, 1675886599.7018251, 1675886600.009021, 1675886600.322117, 1675886600.628358, 1675886600.937661, 1675886601.245135, 1675886601.5470998, 1675886601.8490932, 1675886602.153125, 1675886602.453025, 1675886602.762954, 1675886608.918313, 1675886609.241761, 1675886609.5465112, 1675886609.857878, 1675886610.1578119, 1675886610.459123, 1675886610.764256, 1675886611.064657, 1675886611.361824, 1675886611.661568, 1675886611.961216, 1675886612.269427, 1675886612.5522199, 1675886612.860372, 1675886613.158766, 1675886613.4577339, 1675886613.812495, 1675886614.122088, 1675886614.421495, 1675886614.728715, 1675886621.269815, 1675886622.267013, 1675886623.2703402, 1675886624.256758, 1675886624.9166348, 1675886625.9005282, 1675886626.9045608, 1675886627.914494, 1675886628.923174, 1675886629.949625, 1675886630.947756, 1675886631.942612, 1675886632.952128, 1675886633.9546082, 1675886634.971078, 1675886635.98149, 1675886637.012088, 1675886638.0256808, 1675886639.0579898, 1675886640.079851, 1675886647.04276, 1675886648.0674539, 1675886649.1047318, 1675886650.168428, 1675886651.213674, 1675886652.263479, 1675886653.31554, 1675886654.2473469, 1675886655.3085282, 1675886656.3430321, 1675886657.288416, 1675886657.7843258, 1675886658.7443368, 1675886659.322259, 1675886660.0268002, 1675886660.514925, 1675886660.9901388, 1675886661.394618, 1675886661.962943, 1675886662.483459, 1675886662.993175, 1675886663.671417, 1675886664.209685, 1675886664.677452, 1675886665.274657, 1675886665.759698, 1675886666.258566, 1675886666.8643148, 1675886667.302017, 1675886668.0051498, 1675886668.694371, 1675886669.4320698, 1675886669.898187, 1675886670.3929548, 1675886670.818877, 1675886681.298191, 1675886681.781878, 1675886682.280171, 1675886682.7249448, 1675886683.2781188, 1675886683.801654, 1675886684.425472, 1675886684.988766, 1675886685.4486558, 1675886685.9126909, 1675886686.467267, 1675886686.960085, 1675886687.546678, 1675886688.141789, 1675886688.621751, 1675886689.078301, 1675886689.527055, 1675886690.156418, 1675886690.574108, 1675886691.048259, 1675886691.596513, 1675886692.131126, 1675886692.647786, 1675886693.407006, 1675886693.803733, 1675886694.291977, 1675886694.8566642, 1675886695.353944, 1675886695.800847, 1675886696.274661, 1675886696.7332292, 1675886697.3824341, 1675886697.881166, 1675886698.392469, 1675886698.92045, 1675886699.351993, 1675886699.8160498, 1675886700.331987, 1675886700.865567, 1675886701.31248, 1675886701.77281, 1675886702.172086, 1675886702.700681, 1675886703.1712918, 1675886703.729408, 1675886704.3581161, 1675886705.0151649, 1675886705.540274, 1675886705.9566422, 1675886706.463625, 1675886707.2109828, 1675886707.84019, 1675886708.547609, 1675886723.786795, 1675886724.391118, 1675886725.0343091, 1675886725.547266, 1675886726.216589, 1675886726.8730109, 1675886727.463753, 1675886727.912035, 1675886728.314503, 1675886729.0269198, 1675886729.628187, 1675886730.364175, 1675886730.994164, 1675886731.522933, 1675886732.064853, 1675886732.758463, 1675886733.2989461, 1675886733.788992, 1675886734.414169, 1675886735.078082, 1675886735.810312, 1675886736.385331, 1675886737.2659929, 1675886737.884806, 1675886738.84426, 1675886739.560492, 1675886740.122373, 1675886740.6571012, 1675886741.244309, 1675886742.2114198, 1675886742.7432268, 1675886743.3030632, 1675886743.8848581, 1675886744.4162612, 1675886745.0010781, 1675886745.616243, 1675886746.467983, 1675886747.184708, 1675886747.762496, 1675886763.914104, 1675886764.846396, 1675886765.84715, 1675886766.402543, 1675886767.407277, 1675886768.069351, 1675886768.805923, 1675886769.66327, 1675886770.4573371, 1675886770.984112, 1675886771.849329, 1675886772.738627, 1675886773.2952, 1675886774.186367, 1675886775.121116, 1675886775.5462358, 1675886776.470727, 1675886777.3973792, 1675886778.2184398, 1675886778.780776, 1675886779.4551759, 1675886779.9884741, 1675886780.66668, 1675886781.475959, 1675886782.751151, 1675886783.359951, 1675886783.941716, 1675886784.419581, 1675886785.491827, 1675886799.7808971, 1675886800.52629, 1675886801.396203, 1675886802.273664, 1675886803.038849, 1675886803.9912379, 1675886804.886935, 1675886805.580669, 1675886806.381349, 1675886806.9369621, 1675886807.793529, 1675886808.787711, 1675886809.3076942, 1675886810.172446, 1675886810.910793, 1675886811.535955, 1675886812.280907, 1675886812.8053088, 1675886813.6614442, 1675886814.396226, 1675886815.144432, 1675886815.956985, 1675886816.586891, 1675886817.0336168, 1675886817.9995918, 1675886818.8139992, 1675886819.417634, 1675886819.9055512, 1675886820.656149, 1675886821.3643231, 1675886821.7736099, 1675886837.9505558, 1675886838.7778728, 1675886839.420355, 1675886840.181559, 1675886840.845404, 1675886841.550246], "episode_lengths": [50, 50, 50, 50, 50, 50, 50, 50, 50, 50, 50, 50, 50, 50, 50, 50, 50, 50, 50, 50, 50, 50, 50, 50, 50, 50, 50, 50, 50, 50, 50, 50, 39, 50, 50, 50, 50, 50, 50, 50, 50, 50, 50, 50, 28, 50, 50, 50, 50, 50, 50, 50, 50, 50, 50, 50, 50, 50, 50, 50, 50, 50, 50, 50, 50, 50, 50, 44, 50, 50, 43, 17, 45, 22, 30, 17, 16, 12, 22, 19, 18, 29, 20, 16, 21, 17, 18, 24, 14, 22, 15, 23, 15, 17, 13, 24, 17, 17, 14, 19, 18, 23, 16, 14, 14, 19, 17, 22, 24, 17, 15, 15, 26, 13, 16, 21, 20, 19, 34, 12, 17, 20, 18, 15, 13, 15, 27, 18, 19, 19, 14, 16, 19, 20, 15, 16, 12, 20, 16, 22, 25, 27, 20, 13, 17, 33, 24, 31, 22, 25, 26, 19, 29, 25, 24, 15, 12, 31, 24, 33, 26, 20, 21, 30, 21, 18, 26, 28, 33, 22, 39, 26, 47, 32, 20, 21, 14, 27, 18, 19, 21, 18, 19, 23, 40, 30, 23, 50, 45, 50, 22, 50, 29, 33, 41, 37, 20, 42, 43, 22, 44, 45, 14, 46, 44, 36, 22, 30, 21, 30, 38, 50, 25, 14, 15, 50, 47, 34, 42, 43, 35, 48, 43, 31, 38, 22, 41, 50, 20, 36, 30, 24, 31, 15, 41, 34, 34, 39, 27, 15, 49, 38, 25, 18, 35, 32, 13, 37, 39, 28, 36, 29, 32], "episode_rewards": [-50.0, -50.0, -50.0, -50.0, -50.0, -50.0, -50.0, -50.0, -50.0, -50.0, -50.0, -50.0, -50.0, -50.0, -50.0, -50.0, -50.0, -50.0, -50.0, -50.0, -50.0, -50.0, -50.0, -50.0, -50.0, -50.0, -50.0, -50.0, -50.0, -50.0, -50.0, -50.0, -38.0, -50.0, -50.0, -50.0, -50.0, -50.0, -50.0, -50.0, -50.0, -50.0, -50.0, -50.0, -27.0, -50.0, -50.0, -50.0, -50.0, -50.0, -50.0, -50.0, -50.0, -50.0, -50.0, -50.0, -50.0, -50.0, -50.0, -50.0, -50.0, -50.0, -50.0, -50.0, -50.0, -50.0, -50.0, -43.0, -49.0, -50.0, -42.0, -16.0, -44.0, -21.0, -29.0, -16.0, -15.0, -11.0, -21.0, -18.0, -17.0, -28.0, -19.0, -15.0, -20.0, -16.0, -17.0, -23.0, -13.0, -21.0, -14.0, -22.0, -14.0, -16.0, -12.0, -23.0, -16.0, -16.0, -13.0, -18.0, -17.0, -22.0, -15.0, -13.0, -13.0, -18.0, -16.0, -21.0, -23.0, -16.0, -14.0, -14.0, -25.0, -12.0, -15.0, -20.0, -19.0, -18.0, -33.0, -11.0, -16.0, -19.0, -17.0, -14.0, -12.0, -14.0, -26.0, -17.0, -18.0, -18.0, -13.0, -15.0, -18.0, -19.0, -14.0, -15.0, -11.0, -19.0, -15.0, -21.0, -24.0, -26.0, -19.0, -12.0, -16.0, -32.0, -23.0, -30.0, -21.0, -24.0, -25.0, -18.0, -28.0, -24.0, -23.0, -14.0, -11.0, -30.0, -23.0, -32.0, -25.0, -19.0, -20.0, -29.0, -20.0, -17.0, -25.0, -27.0, -32.0, -21.0, -38.0, -25.0, -46.0, -31.0, -19.0, -20.0, -13.0, -26.0, -17.0, -18.0, -20.0, -17.0, -18.0, -22.0, -39.0, -29.0, -22.0, -50.0, -44.0, -50.0, -21.0, -50.0, -28.0, -32.0, -40.0, -36.0, -19.0, -41.0, -42.0, -21.0, -43.0, -44.0, -13.0, -45.0, -43.0, -35.0, -21.0, -29.0, -20.0, -29.0, -37.0, -50.0, -24.0, -13.0, -14.0, -50.0, -46.0, -33.0, -41.0, -42.0, -34.0, -47.0, -42.0, -30.0, -37.0, -21.0, -40.0, -50.0, -19.0, -35.0, -29.0, -23.0, -30.0, -14.0, -40.0, -33.0, -33.0, -38.0, -26.0, -14.0, -48.0, -37.0, -24.0, -17.0, -34.0, -31.0, -12.0, -36.0, -38.0, -27.0, -35.0, -28.0, -31.0],