{"initial_reset_timestamp": 1675887032.675916, "timestamps": [1675887037.881119, 1675887038.1693492, 1675887038.395318, 1675887038.6558, 1675887038.892319, 1675887039.243258, 1675887039.57348, 1675887039.889878, 1675887040.2037692, 1675887040.51861, 1675887040.835093, 1675887041.1495092, 1675887041.454068, 1675887041.758678, 1675887042.064095, 1675887042.378176, 1675887042.696694, 1675887043.009409, 1675887043.317145, 1675887043.6212459, 1675887049.87025, 1675887050.1787798, 1675887050.48068, 1675887050.7832031, 1675887051.086537, 1675887051.390978, 1675887051.69045, 1675887051.992448, 1675887052.3329191, 1675887052.641461, 1675887052.9515631, 1675887053.255729, 1675887053.5549922, 1675887053.8566551, 1675887054.1547258, 1675887054.453061, 1675887054.813498, 1675887055.121655, 1675887055.4236622, 1675887055.724483, 1675887062.5196621, 1675887063.522797, 1675887064.520612, 1675887065.5183418, 1675887066.501791, 1675887067.514205, 1675887068.505756, 1675887069.362209, 1675887070.3602922, 1675887071.364667, 1675887072.39862, 1675887073.407583, 1675887074.4073868, 1675887075.431317, 1675887076.443511, 1675887077.302654, 1675887078.33303, 1675887079.2618392, 1675887080.286769, 1675887081.320436, 1675887081.9868212, 1675887088.687993, 1675887089.722238, 1675887090.754273, 1675887091.327441, 1675887091.8836951, 1675887092.713578, 1675887093.5698571, 1675887094.0895932, 1675887094.6589608, 1675887095.238889, 1675887095.78529, 1675887096.257629, 1675887096.7351072, 1675887097.306147, 1675887097.7886279, 1675887098.259955, 1675887098.7696278, 1675887099.315766, 1675887099.854833, 1675887100.5236669, 1675887101.073357, 1675887101.8144598, 1675887102.266995, 1675887102.724065, 1675887103.1571782, 1675887103.774645, 1675887104.3271198, 1675887104.84149, 1675887105.500254, 1675887106.034577, 1675887106.563754, 1675887107.162028, 1675887107.796214, 1675887108.234493, 1675887108.746987, 1675887109.284637, 1675887109.766334, 1675887110.4084558, 1675887110.8547862, 1675887111.605705, 1675887112.576889, 1675887113.2723699, 1675887113.8851829, 1675887120.492822, 1675887120.901959, 1675887121.3875751, 1675887121.84954, 1675887122.414347, 1675887122.967385, 1675887123.466197, 1675887124.0251782, 1675887124.476469, 1675887124.95393, 1675887125.43925, 1675887125.99389, 1675887126.441464, 1675887126.944221, 1675887127.537587, 1675887128.0196328, 1675887128.532067, 1675887128.9673312, 1675887129.513487, 1675887129.946655, 1675887130.7101362, 1675887131.312314, 1675887131.820031, 1675887132.4778502, 1675887132.8930318, 1675887133.355247, 1675887134.035769, 1675887134.532456, 1675887135.0370822, 1675887135.4993322, 1675887135.992974, 1675887136.5679822, 1675887136.998249, 1675887137.493485, 1675887137.987479, 1675887138.440207, 1675887138.8944378, 1675887139.406545, 1675887140.0578182, 1675887140.461185, 1675887140.928701, 1675887141.419279, 1675887141.878815, 1675887142.347256, 1675887143.040971, 1675887143.579803, 1675887144.213259, 1675887144.8932219, 1675887145.3804128, 1675887146.048247, 1675887146.6510022, 1675887153.6381109, 1675887154.506809, 1675887154.977928, 1675887155.73547, 1675887156.467885, 1675887157.0834932, 1675887157.559663, 1675887158.235704, 1675887158.783057, 1675887159.3369532, 1675887160.33044, 1675887161.387143, 1675887162.3050601, 1675887163.0491421, 1675887163.797537, 1675887164.5103629, 1675887165.716716, 1675887166.213281, 1675887166.8815749, 1675887167.91151, 1675887168.916081, 1675887169.583219, 1675887170.467983, 1675887171.2463439, 1675887171.813971, 1675887172.5084648, 1675887173.247723, 1675887174.264501, 1675887174.923965, 1675887175.538743, 1675887182.2409742, 1675887182.836171, 1675887183.799926, 1675887184.806319, 1675887185.687833, 1675887186.573604, 1675887187.388704, 1675887188.38752, 1675887189.23507, 1675887190.218745, 1675887191.2191072, 1675887191.834033, 1675887192.605649, 1675887193.29391, 1675887194.009724, 1675887194.98461, 1675887195.941675, 1675887196.6017869, 1675887197.1532989, 1675887198.0121632, 1675887199.006459, 1675887199.855341, 1675887200.84828, 1675887201.3787122, 1675887201.898677, 1675887202.893173, 1675887219.862505, 1675887220.8655932, 1675887221.645845, 1675887222.629538, 1675887223.6141062, 1675887224.5996711, 1675887225.595602, 1675887226.618465, 1675887227.691129, 1675887228.672357, 1675887229.399509, 1675887230.37501, 1675887231.360181, 1675887231.939101, 1675887232.743259, 1675887233.7295702, 1675887234.387284, 1675887235.375535, 1675887236.200692, 1675887237.000743, 1675887237.9749482, 1675887238.960743, 1675887255.575833, 1675887256.568131, 1675887257.27245, 1675887257.873541, 1675887258.8685608, 1675887259.852422, 1675887260.553764, 1675887261.073796, 1675887261.789353, 1675887262.776665, 1675887263.751803, 1675887264.730089, 1675887265.706194, 1675887266.469457, 1675887267.456898, 1675887268.432255, 1675887269.416947, 1675887270.4314291, 1675887271.060972, 1675887272.032325, 1675887273.014048, 1675887273.981698, 1675887274.964284, 1675887291.194069, 1675887292.193001, 1675887293.1741078, 1675887294.1906712, 1675887295.1753302, 1675887296.143549, 1675887297.132072, 1675887298.1024141, 1675887299.0863621, 1675887300.055202, 1675887301.039924, 1675887302.0058482, 1675887302.985132, 1675887303.951835, 1675887304.933482, 1675887305.8997052, 1675887306.882231, 1675887307.8562932, 1675887308.8390698, 1675887309.80972, 1675887326.295837, 1675887327.297297, 1675887328.271477, 1675887329.262811, 1675887330.2357829, 1675887331.2193348, 1675887332.244617, 1675887333.226902, 1675887334.197818, 1675887335.185419, 1675887336.160734, 1675887337.1464052, 1675887338.1197062, 1675887339.1085708, 1675887340.0801878, 1675887341.064209, 1675887342.036504, 1675887343.029265, 1675887344.001451, 1675887345.0479, 1675887361.74645, 1675887362.754142, 1675887363.6867368, 1675887364.662737, 1675887365.647342, 1675887366.6267688, 1675887367.6186152, 1675887368.5968971, 1675887369.586771, 1675887370.559763, 1675887371.54413, 1675887372.522938, 1675887373.507831, 1675887374.4851708, 1675887375.478776, 1675887376.451017, 1675887377.461569, 1675887378.4462779, 1675887379.42507, 1675887380.4006798, 1675887398.493935, 1675887399.614819, 1675887400.636203, 1675887401.670621, 1675887402.6573389, 1675887403.633449, 1675887404.626703, 1675887405.6132731, 1675887406.8989189, 1675887408.044607, 1675887409.034224, 1675887410.0071712, 1675887410.989461, 1675887412.366014, 1675887413.368149, 1675887414.3612852, 1675887415.875047, 1675887416.961539, 1675887418.021909, 1675887419.04417], "episode_lengths": [50, 50, 50, 50, 50, 50, 50, 50, 50, 50, 50, 50, 50, 50, 50, 50, 50, 50, 50, 50, 50, 50, 50, 50, 50, 50, 50, 50, 50, 50, 50, 50, 50, 50, 50, 50, 50, 50, 50, 50, 50, 50, 50, 50, 50, 50, 50, 40, 50, 50, 50, 50, 50, 50, 50, 38, 50, 44, 50, 50, 28, 50, 50, 50, 18, 21, 38, 39, 19, 22, 22, 21, 16, 16, 22, 17, 16, 18, 20, 20, 28, 20, 33, 15, 15, 14, 23, 21, 18, 28, 20, 19, 22, 26, 14, 19, 20, 17, 23, 14, 29, 31, 15, 15, 31, 12, 17, 16, 22, 21, 18, 22, 15, 16, 17, 22, 15, 18, 24, 17, 19, 14, 21, 14, 34, 24, 19, 28, 12, 16, 27, 18, 18, 16, 18, 23, 14, 17, 18, 15, 15, 19, 28, 12, 16, 18, 16, 16, 30, 21, 27, 29, 15, 29, 25, 50, 41, 16, 35, 33, 25, 17, 29, 21, 22, 50, 50, 45, 32, 29, 25, 50, 18, 28, 50, 28, 19, 35, 35, 22, 27, 30, 50, 28, 26, 50, 24, 48, 50, 43, 43, 38, 50, 40, 50, 50, 26, 36, 30, 33, 46, 48, 29, 20, 41, 50, 41, 50, 21, 20, 50, 50, 50, 37, 50, 50, 50, 50, 50, 50, 50, 33, 50, 50, 24, 38, 50, 29, 50, 40, 38, 50, 50, 43, 50, 29, 25, 50, 50, 31, 19, 33, 50, 50, 50, 50, 36, 50, 50, 50, 50, 27, 50, 50, 50, 50, 50, 50, 50, 50, 50, 50, 50, 50, 50, 50, 50, 50, 50, 50, 50, 50, 50, 50, 50, 50, 44, 50, 50, 50, 50, 50, 50, 50, 50, 50, 50, 50, 50, 50, 50, 50, 50, 50, 50, 50, 50, 50, 47, 50, 50, 50, 50, 50, 50, 50, 50, 50, 50, 50, 50, 50, 50, 50, 50, 50, 50, 50, 50, 50, 50, 50, 50, 50, 50, 50, 50, 50, 50, 50, 50, 50, 50, 50, 50, 50],