{"initial_reset_timestamp": 1675952361.683106, "timestamps": [1675952361.91928, 1675952362.1412559, 1675952362.3610291, 1675952362.5827, 1675952362.812278, 1675952363.038668, 1675952363.2635672, 1675952367.4753962, 1675952367.69596, 1675952367.915468, 1675952368.1371698, 1675952368.359658, 1675952368.586627, 1675952368.811546, 1675952373.119243, 1675952373.345408, 1675952373.6165178, 1675952373.8404639, 1675952374.068467, 1675952374.2931468, 1675952374.5142632, 1675952392.2757802, 1675952392.484362, 1675952392.6934268, 1675952392.905341, 1675952393.1141388, 1675952393.321054, 1675952393.5279648, 1675952411.702225, 1675952411.914426, 1675952412.137025, 1675952412.355674, 1675952412.576587, 1675952412.800096, 1675952413.023654, 1675952431.155447, 1675952431.379663, 1675952431.602622, 1675952431.823543, 1675952432.045752, 1675952432.265952, 1675952432.495883, 1675952450.222826, 1675952450.452037, 1675952450.68783, 1675952450.925173, 1675952451.164819, 1675952451.4006138, 1675952451.633609, 1675952469.443073, 1675952469.6567822, 1675952469.8643498, 1675952470.0783339, 1675952470.287099, 1675952470.495838, 1675952470.706024, 1675952488.338537, 1675952488.558932, 1675952488.776565, 1675952488.991762, 1675952489.209882, 1675952489.424285, 1675952489.637132, 1675952507.057251, 1675952507.233672, 1675952507.4395678, 1675952507.628038, 1675952507.784074, 1675952508.006996, 1675952508.185674, 1675952508.401115, 1675952508.565121, 1675952508.718202, 1675952508.882144, 1675952509.0257459, 1675952509.2512221, 1675952526.869076, 1675952527.0090728, 1675952527.225846, 1675952527.38526, 1675952527.6046138, 1675952527.742744, 1675952527.959353, 1675952528.1078248, 1675952528.3243918, 1675952528.5374541, 1675952545.992527, 1675952546.209955, 1675952546.419395, 1675952546.630166, 1675952546.8401742, 1675952547.11186, 1675952547.323074], "episode_lengths": [150, 150, 150, 150, 150, 150, 150, 150, 150, 150, 150, 150, 150, 150, 150, 150, 150, 150, 150, 150, 150, 150, 150, 150, 150, 150, 150, 150, 150, 150, 150, 150, 150, 150, 150, 150, 150, 150, 150, 150, 150, 150, 150, 150, 150, 150, 150, 150, 150, 150, 150, 150, 150, 150, 150, 150, 150, 150, 150, 150, 150, 150, 150, 150, 75, 102, 83, 39, 150, 71, 150, 53, 35, 51, 25, 150, 150, 25, 150, 59, 150, 26, 150, 27, 150, 150, 150, 150, 150, 150, 150, 150, 150], "episode_rewards": [-150.0, -150.0, -150.0, -150.0, -150.0, -150.0, -150.0, -150.0, -150.0, -150.0, -150.0, -150.0, -150.0, -150.0, -150.0, -150.0, -150.0, -150.0, -150.0, -150.0, -150.0, -150.0, -150.0, -150.0, -150.0, -150.0, -150.0, -150.0, -150.0, -150.0, -150.0, -150.0, -150.0, -150.0, -150.0, -150.0, -150.0, -150.0, -150.0, -150.0, -150.0, -150.0, -150.0, -150.0, -150.0, -150.0, -150.0, -150.0, -150.0, -150.0, -150.0, -150.0, -150.0, -150.0, -150.0, -150.0, -150.0, -150.0, -150.0, -150.0, -150.0, -150.0, -150.0, -150.0, -74.0, -101.0, -82.0, -38.0, -150.0, -70.0, -150.0, -52.0, -34.0, -50.0, -24.0, -150.0, -150.0, -24.0, -150.0, -58.0, -150.0, -25.0, -150.0, -26.0, -150.0, -150.0, -150.0, -150.0, -150.0, -150.0, -150.0, -150.0, -150.0], "episode_types": ["t", "t", "t", "t", "t", "t", "t", "t", "t", "t", "t", "t", "t", "t", "t", "t", "t", "t", "t", "t", "t", "t", "t", "t", "t", "t", "t", "t", "t", "t", "t", "t", "t", "t", "t", "t", "t", "t", "t", "t", "t", "t", "t", "t", "t", "t", "t", "t", "t", "t", "t", "t", "t", "t", "t", "t", "t", "t", "t", "t", "t", "t", "t", "t", "t", "t", "t", "t", "t", "t", "t", "t", "t", "t", "t", "t", "t", "t", "t", "t", "t", "t", "t", "t", "t", "t", "t", "t", "t", "t", "t", "t", "t"]}