{"initial_reset_timestamp": 1675952361.525911, "timestamps": [1675952363.3635468, 1675952363.706093, 1675952364.269156, 1675952364.602124, 1675952365.073287, 1675952365.528069, 1675952365.978119, 1675952369.1382232, 1675952369.584183, 1675952370.0378408, 1675952370.487909, 1675952370.902614, 1675952371.3517818, 1675952374.70685, 1675952377.144737, 1675952379.567501, 1675952382.0006762, 1675952384.4402812, 1675952385.553076, 1675952388.0135832, 1675952390.482653, 1675952395.499558, 1675952398.0025878, 1675952400.548895, 1675952403.090348, 1675952404.413534, 1675952406.921514, 1675952409.428545, 1675952414.672574, 1675952417.189557, 1675952419.690997, 1675952422.182605, 1675952424.657866, 1675952427.147254, 1675952429.622476, 1675952434.879531, 1675952437.359458, 1675952439.819993, 1675952442.289336, 1675952444.750614, 1675952447.201792, 1675952452.409527, 1675952454.961726, 1675952457.4196491, 1675952459.87518, 1675952462.3366542, 1675952464.814827, 1675952467.2638478, 1675952472.284558, 1675952474.7305758, 1675952477.166603, 1675952479.609071, 1675952482.0437791, 1675952484.472801, 1675952486.902525, 1675952491.9473732, 1675952494.4055831, 1675952496.840768, 1675952499.2740831, 1675952501.697407, 1675952504.123147, 1675952510.095875, 1675952512.523655, 1675952514.948718, 1675952517.375096, 1675952519.8005152, 1675952522.216167, 1675952524.583151, 1675952528.932082, 1675952531.348267, 1675952533.799052, 1675952536.204907, 1675952538.6173298, 1675952541.037013, 1675952543.446344, 1675952548.4666219, 1675952550.890539, 1675952553.33677, 1675952555.989299], "episode_lengths": [150, 150, 150, 85, 150, 150, 150, 150, 150, 150, 150, 128, 150, 150, 150, 150, 150, 150, 63, 150, 150, 150, 150, 150, 150, 75, 150, 150, 150, 150, 150, 150, 150, 150, 150, 150, 150, 150, 150, 150, 150, 150, 150, 150, 150, 150, 150, 150, 150, 150, 150, 150, 150, 150, 150, 150, 150, 150, 150, 150, 150, 150, 150, 150, 150, 150, 150, 142, 83, 150, 150, 150, 150, 150, 150, 150, 150, 150, 150], "episode_rewards": [-150.0, -150.0, -150.0, -84.0, -150.0, -150.0, -150.0, -150.0, -150.0, -150.0, -150.0, -127.0, -150.0, -150.0, -150.0, -150.0, -150.0, -150.0, -62.0, -150.0, -150.0, -150.0, -150.0, -150.0, -150.0, -74.0, -150.0, -150.0, -150.0, -150.0, -150.0, -150.0, -150.0, -150.0, -150.0, -150.0, -150.0, -150.0, -150.0, -150.0, -150.0, -150.0, -150.0, -150.0, -150.0, -150.0, -150.0, -150.0, -150.0, -150.0, -150.0, -150.0, -150.0, -150.0, -150.0, -150.0, -150.0, -150.0, -150.0, -150.0, -150.0, -150.0, -150.0, -150.0, -150.0, -150.0, -150.0, -141.0, -82.0, -150.0, -150.0, -150.0, -150.0, -150.0, -150.0, -150.0, -150.0, -150.0, -150.0], "episode_types": ["t", "t", "t", "t", "t", "t", "t", "t", "t", "t", "t", "t", "t", "t", "t", "t", "t", "t", "t", "t", "t", "t", "t", "t", "t", "t", "t", "t", "t", "t", "t", "t", "t", "t", "t", "t", "t", "t", "t", "t", "t", "t", "t", "t", "t", "t", "t", "t", "t", "t", "t", "t", "t", "t", "t", "t", "t", "t", "t", "t", "t", "t", "t", "t", "t", "t", "t", "t", "t", "t", "t", "t", "t", "t", "t", "t", "t", "t", "t", "t"]}