{"initial_reset_timestamp": 1675887436.2694771, "timestamps": [1675887441.495635, 1675887441.7294688, 1675887442.003021, 1675887442.2289898, 1675887442.451859, 1675887442.8052962, 1675887443.144107, 1675887443.467505, 1675887443.7794318, 1675887444.089552, 1675887444.399971, 1675887444.711189, 1675887445.034111, 1675887445.339919, 1675887445.6460211, 1675887445.9479759, 1675887446.2539148, 1675887446.560374, 1675887446.865186, 1675887447.167573, 1675887453.374474, 1675887453.67931, 1675887453.97759, 1675887454.283938, 1675887454.592936, 1675887454.9017248, 1675887455.189596, 1675887455.489943, 1675887455.791141, 1675887456.092184, 1675887456.3961542, 1675887456.6971421, 1675887457.009174, 1675887457.317272, 1675887457.613697, 1675887457.9612732, 1675887458.262678, 1675887458.5650198, 1675887458.866552, 1675887459.167949, 1675887465.732786, 1675887466.731146, 1675887467.7496278, 1675887468.744693, 1675887469.736408, 1675887470.736177, 1675887471.7346492, 1675887472.7527092, 1675887473.745983, 1675887474.761437, 1675887475.798882, 1675887476.810571, 1675887477.814325, 1675887478.8341398, 1675887479.839864, 1675887480.872053, 1675887481.889751, 1675887482.9236622, 1675887483.9478772, 1675887484.984426, 1675887491.634757, 1675887492.665015, 1675887493.718608, 1675887494.791782, 1675887495.65268, 1675887496.148134, 1675887497.145196, 1675887497.9463072, 1675887498.5402749, 1675887499.5821629, 1675887500.09305, 1675887501.1414762, 1675887501.648858, 1675887502.6691682, 1675887503.203321, 1675887504.06252, 1675887504.599953, 1675887505.1519191, 1675887505.640932, 1675887506.163025, 1675887506.65221, 1675887507.2666261, 1675887507.721288, 1675887508.29857, 1675887508.864695, 1675887509.427947, 1675887509.954622, 1675887510.3978171, 1675887510.925549, 1675887511.430324, 1675887511.918559, 1675887512.459525, 1675887512.9861052, 1675887513.5076501, 1675887513.995185, 1675887514.618783, 1675887515.0966861, 1675887515.580849, 1675887522.000149, 1675887522.5533571, 1675887523.0505972, 1675887523.602071, 1675887524.192033, 1675887524.700852, 1675887525.1968, 1675887525.684627, 1675887526.239114, 1675887526.695661, 1675887527.336991, 1675887527.804008, 1675887528.3277519, 1675887529.1546502, 1675887529.6049879, 1675887530.058196, 1675887530.627733, 1675887531.058163, 1675887531.5736089, 1675887532.031692, 1675887532.4855528, 1675887532.993546, 1675887533.509606, 1675887534.0446541, 1675887534.4633112, 1675887534.892925, 1675887535.376531, 1675887535.875823, 1675887536.345475, 1675887536.808874, 1675887537.213042, 1675887537.694546, 1675887538.233292, 1675887538.820547, 1675887539.3019772, 1675887539.704585, 1675887540.1874938, 1675887540.774955, 1675887541.455892, 1675887541.9063392, 1675887542.48928, 1675887542.96401, 1675887543.4921658, 1675887543.9564722, 1675887544.589998, 1675887545.2049012, 1675887545.785922, 1675887546.365834, 1675887546.793387, 1675887547.2288399, 1675887548.098302, 1675887548.5707068, 1675887555.406975, 1675887555.841426, 1675887556.360835, 1675887556.85234, 1675887557.385678, 1675887557.9026, 1675887558.535789, 1675887558.9893792, 1675887559.468717, 1675887560.019969, 1675887560.5171509, 1675887560.9724212, 1675887561.6466959, 1675887562.111682, 1675887562.576688, 1675887563.192827, 1675887564.2398221, 1675887564.794698, 1675887565.419173, 1675887565.882996, 1675887566.4262662, 1675887567.0975192, 1675887567.625109, 1675887568.123738, 1675887568.6209679, 1675887569.083563, 1675887569.595689, 1675887570.157593, 1675887570.6633909, 1675887571.199032, 1675887571.854822, 1675887572.3839328, 1675887572.999134, 1675887573.524417, 1675887573.987734, 1675887574.46909, 1675887574.940066, 1675887575.6430562, 1675887576.146734, 1675887576.59334, 1675887577.096541, 1675887577.586524, 1675887578.046758, 1675887578.574699, 1675887579.186128, 1675887580.1871748, 1675887580.841482, 1675887591.7760231, 1675887592.319098, 1675887592.78049, 1675887593.6538591, 1675887594.170719, 1675887594.968962, 1675887595.588786, 1675887596.4002821, 1675887597.420883, 1675887598.203198, 1675887598.767732, 1675887599.764211, 1675887600.493959, 1675887601.535756, 1675887602.254416, 1675887603.1650188, 1675887604.157278, 1675887605.166977, 1675887606.1634948, 1675887606.9288058, 1675887607.934506, 1675887608.869129, 1675887609.891531, 1675887610.897803, 1675887611.479637, 1675887611.9544902, 1675887612.962038, 1675887629.387039, 1675887630.393572, 1675887631.336256, 1675887632.329484, 1675887633.331826, 1675887634.321892, 1675887635.330561, 1675887636.020978, 1675887637.013692, 1675887637.996434, 1675887638.995955, 1675887639.975801, 1675887641.0125089, 1675887641.9981902, 1675887642.994293, 1675887643.574738, 1675887644.5617979, 1675887645.53122, 1675887646.670262, 1675887647.963737, 1675887649.3891368, 1675887667.1300192, 1675887668.126323, 1675887668.897438, 1675887669.5284, 1675887670.905376, 1675887671.8574002, 1675887672.748759, 1675887673.531853, 1675887674.604203, 1675887675.638526, 1675887676.666214, 1675887677.6802812, 1675887678.7752929, 1675887680.009822, 1675887681.0480099, 1675887682.068465, 1675887682.884829, 1675887683.994976, 1675887685.014741, 1675887685.6418939, 1675887686.626535, 1675887687.620218, 1675887703.813001, 1675887704.815223, 1675887705.8006349, 1675887706.7914119, 1675887707.794307, 1675887708.786697, 1675887709.7647512, 1675887710.7544901, 1675887711.734171, 1675887712.730273, 1675887713.7142441, 1675887714.6977339, 1675887715.751719, 1675887716.7397099, 1675887717.719788, 1675887718.705524, 1675887719.734268, 1675887720.713398, 1675887721.6913862, 1675887722.6682172, 1675887738.9892192, 1675887739.9799612, 1675887740.972269, 1675887742.000145, 1675887742.987412, 1675887743.96277, 1675887744.9635131, 1675887745.9398441, 1675887746.9321358, 1675887747.909118, 1675887748.905314, 1675887749.884243, 1675887750.8727329, 1675887751.8490188, 1675887752.837714, 1675887753.821066, 1675887754.8160121, 1675887755.7974012, 1675887756.7661881, 1675887757.755458, 1675887774.652609, 1675887775.6574552, 1675887776.646268, 1675887777.634572, 1675887778.617344, 1675887779.601417, 1675887780.582978, 1675887781.5635352, 1675887782.5950851, 1675887783.576461, 1675887784.5634649, 1675887785.54579, 1675887786.526174, 1675887787.515915, 1675887788.497517, 1675887789.4915981, 1675887790.476116, 1675887791.467442, 1675887792.450207, 1675887793.4477398, 1675887809.8228228, 1675887810.823675, 1675887811.803184, 1675887812.85263, 1675887813.831865, 1675887814.823894, 1675887815.8055549, 1675887816.795342, 1675887817.773387, 1675887818.7648451, 1675887819.745288, 1675887820.734976, 1675887821.7146611, 1675887822.699436, 1675887823.684747, 1675887824.667555, 1675887825.6594849, 1675887826.6393101, 1675887827.658238, 1675887828.649516, 1675887844.67376, 1675887845.6810482, 1675887846.663497, 1675887847.656647, 1675887848.6435552, 1675887849.63431, 1675887850.621512, 1675887851.612546, 1675887852.594638, 1675887853.380646, 1675887854.3720078, 1675887855.4120069, 1675887856.460265, 1675887857.490635, 1675887858.497792, 1675887859.4934661, 1675887860.477225, 1675887861.4672399, 1675887862.460551, 1675887863.5030751, 1675887864.493841, 1675887881.348945, 1675887882.3273149, 1675887883.3295019, 1675887884.313258, 1675887885.305919, 1675887886.285314, 1675887887.3097348, 1675887888.301326, 1675887889.292029, 1675887890.2708921, 1675887891.31128, 1675887892.295912, 1675887893.2852511, 1675887894.2652218, 1675887895.217678, 1675887896.1990778, 1675887897.192724, 1675887898.171378, 1675887899.290386, 1675887900.286439, 1675887916.7930062, 1675887918.185587, 1675887919.647008, 1675887921.0140421, 1675887922.035309, 1675887923.0377421, 1675887924.015929, 1675887925.0027788, 1675887925.980155, 1675887926.972337, 1675887927.95986, 1675887928.958795, 1675887929.935477, 1675887930.717977, 1675887931.702985, 1675887932.710947, 1675887933.693808, 1675887934.6748748, 1675887935.731659, 1675887936.714491, 1675899180.777565, 1675899181.986165, 1675899183.075574, 1675899184.236353, 