{"initial_reset_timestamp": 1675865201.271269, "timestamps": [1675865203.1158311, 1675865203.462111, 1675865203.988287, 1675865204.488574, 1675865204.957132, 1675865205.430229, 1675865210.977494, 1675865211.901765, 1675865212.765196, 1675865213.6023018, 1675865214.440536, 1675865215.258263, 1675865216.052045, 1675865224.9664571, 1675865229.34427, 1675865233.6278741, 1675865237.988155, 1675865242.2521238, 1675865246.505804, 1675865250.601951, 1675865258.869664, 1675865263.0170848, 1675865267.160594, 1675865271.230677, 1675865275.29741, 1675865279.4582021, 1675865288.149058, 1675865292.564678, 1675865296.606606, 1675865300.6349928, 1675865304.626399, 1675865308.6099331, 1675865312.598542, 1675865321.2363598, 1675865325.2297869, 1675865329.361291, 1675865333.403192, 1675865337.466913, 1675865341.430601, 1675865345.370518, 1675865353.771075, 1675865357.769879, 1675865361.712609, 1675865365.636051, 1675865369.575202, 1675865373.498985, 1675865381.837878, 1675865385.766807, 1675865389.7094028, 1675865393.628694, 1675865397.5676281, 1675865401.519052, 1675865405.416652, 1675865413.476566, 1675865417.381469, 1675865421.408793, 1675865425.326265, 1675865429.369202, 1675865433.25499, 1675865437.1432981, 1675865445.419737, 1675865449.394165, 1675865453.3844612, 1675865457.315604, 1675865461.289462, 1675865465.245811, 1675865473.581405, 1675865477.5138109, 1675865479.6992269, 1675865483.6142988, 1675865487.511762, 1675865491.4108212, 1675865495.296109, 1675865503.660434, 1675865507.566713, 1675865511.137655, 1675865515.606024, 1675865519.506536, 1675865523.3943942, 1675865527.2872179, 1675867050.287392, 1675867053.700084, 1675867056.443132, 1675867059.2020748, 1675867062.0568142, 1675867064.763337, 1675867067.185112, 1675867073.405152, 1675867076.337431, 1675867079.185045, 1675867081.7279701, 1675867084.2163908, 1675867086.318155, 1675867088.7914329, 1675867093.890871, 1675867096.348233, 1675867098.7919989, 1675867101.2251031, 1675867103.654696, 1675867106.081901, 1675867108.704297, 1675867113.938476, 1675867116.385258, 1675867118.803977, 1675867121.236893, 1675867123.6710029, 1675867126.0963001, 1675867131.2155719, 1675867133.6456478, 1675867136.0911932, 1675867138.524696, 1675867140.975009, 1675867143.409687, 1675867145.8382149, 1675867150.891404, 1675867153.334152, 1675867155.763754, 1675867158.254503, 1675867160.796334, 1675867163.25112, 1675867165.802848, 1675867170.877738, 1675867173.32812, 1675867175.763189, 1675867178.18681, 1675867181.225279, 1675867183.6964989, 1675867189.543034, 1675867191.9835699], "episode_lengths": [150, 150, 150, 150, 150, 150, 132, 150, 150, 150, 150, 150, 150, 150, 150, 150, 150, 150, 150, 150, 150, 150, 150, 150, 150, 150, 150, 150, 150, 150, 150, 150, 150, 150, 150, 150, 150, 150, 150, 150, 150, 150, 150, 150, 150, 150, 150, 150, 150, 150, 150, 150, 150, 150, 150, 150, 150, 150, 150, 150, 150, 150, 150, 150, 150, 150, 150, 150, 80, 150, 150, 150, 150, 150, 150, 136, 150, 150, 150, 150, 150, 150, 150, 150, 150, 150, 120, 150, 150, 150, 150, 150, 125, 150, 150, 150, 150, 150, 150, 150, 150, 150, 150, 150, 150, 150, 150, 150, 150, 150, 150, 150, 150, 150, 150, 150, 150, 150, 150, 150, 150, 150, 150, 150, 150, 150, 150, 150, 150], "episode_rewards": [-150.0, -150.0, -150.0, -150.0, -150.0, -150.0, -131.0, -150.0, -150.0, -150.0, -150.0, -150.0, -150.0, -150.0, -150.0, -150.0, -150.0, -150.0, -150.0, -150.0, -150.0, -150.0, -150.0, -150.0, -150.0, -150.0, -150.0, -150.0, -150.0, -150.0, -150.0, -150.0, -150.0, -150.0, -150.0, -150.0, -150.0, -150.0, -150.0, -150.0, -150.0, -150.0, -150.0, -150.0, -150.0, -150.0, -150.0, -150.0, -150.0, -150.0, -150.0, -150.0, -150.0, -150.0, -150.0, -150.0, -150.0, -150.0, -150.0, -150.0, -150.0, -150.0, -150.0, -150.0, -150.0, -150.0, -150.0, -150.0, -79.0, -150.0, -150.0, -150.0, -150.0, -150.0, -150.0, -135.0, -150.0, -150.0, -150.0, -150.0, -150.0, -150.0, -150.0, -150.0, -150.0, -150.0, -119.0, -150.0, -150.0, -150.0, -150.0, -150.0, -124.0, -150.0, -150.0, -150.0, -150.0, -150.0, -150.0, -150.0, -150.0, -150.0, -150.0, -150.0, -150.0, -150.0, -150.0, -150.0, -150.0, -150.0, -150.0, -150.0, -150.0, -150.0, -150.0, -150.0, -150.0, -150.0, -150.0, -150.0, -150.0, -150.0, -150.0, -150.0, -150.0, -150.0, -150.0, -150.0, -150.0], "episode_types": ["t", "t", "t", "t", "t", "t", "t", "t", "t", "t", "t", "t", "t", "t", "t", "t", "t", "t", "t", "t", "t", "t", "t", "t", "t", "t", "t", "t", "t", "t", "t", "t", "t", "t", "t", "t", "t", "t", "t", "t", "t", "t", "t", "t", "t", "t", "t", "t", "t", "t", "t", "t", "t", "t", "t", "t", "t", "t", "t", "t", "t", "t", "t", "t", "t", "t", "t", "t", "t", "t", "t", "t", "t", "t", "t", "t", "t", "t", "t", "t", "t", "t", "t", "t", "t", "t", "t", "t", "t", "t", "t", "t", "t", "t", "t", "t", "t", "t", "t", "t", "t", "t", "t", "t", "t", "t", "t", "t", "t", "t", "t", "t", "t", "t", "t", "t", "t", "t", "t", "t", "t", "t", "t", "t", "t", "t", "t", "t", "t", "t"]}