{"initial_reset_timestamp": 1675865201.42991, "timestamps": [1675865201.667954, 1675865201.890858, 1675865202.112486, 1675865202.334154, 1675865202.561248, 1675865202.784702, 1675865203.010956, 1675865208.456758, 1675865208.860564, 1675865209.254445, 1675865209.648344, 1675865210.064136, 1675865210.4411461, 1675865210.8380759, 1675865219.382072, 1675865219.8012722, 1675865220.423908, 1675865221.113632, 1675865221.5948548, 1675865222.0766149, 1675865222.592437, 1675865253.384477, 1675865253.7389178, 1675865254.0823622, 1675865254.430004, 1675865254.7748601, 1675865255.1203709, 1675865255.4613729, 1675865284.991317, 1675865285.3868082, 1675865285.780864, 1675865286.1781068, 1675865286.573962, 1675865286.961063, 1675865287.351834, 1675865316.811153, 1675865317.233643, 1675865317.6294, 1675865318.029404, 1675865318.413665, 1675865318.8015099, 1675865319.199641, 1675865348.145422, 1675865348.532755, 1675865348.916118, 1675865349.312587, 1675865349.699625, 1675865350.092108, 1675865350.470858, 1675865378.7744782, 1675865379.168084, 1675865379.5511239, 1675865379.932472, 1675865380.313544, 1675865380.6938088, 1675865381.0787919, 1675865409.3992572, 1675865409.7450318, 1675865410.094275, 1675865410.445805, 1675865410.787785, 1675865411.135078, 1675865411.486565, 1675865439.9319859, 1675865440.303648, 1675865440.669942, 1675865441.029772, 1675865441.393929, 1675865441.75261, 1675865442.111038, 1675865470.473875, 1675865470.8758159, 1675865471.272575, 1675865471.6654332, 1675865472.045729, 1675865472.447673, 1675865472.814534, 1675865501.2421, 1675865501.5950248, 1675865501.953747, 1675865502.3093581, 1675865502.671703, 1675865503.031125, 1675865503.3925602, 1675865532.098454, 1675865537.31182, 1675865538.9646652, 1675865539.367661, 1675867048.557794, 1675867048.939285, 1675867049.271136, 1675867070.5504158, 1675867070.8068259, 1675867071.057698, 1675867071.304775, 1675867071.549995, 1675867071.9458308, 1675867072.235996, 1675867091.1006029, 1675867091.340501, 1675867091.569324, 1675867091.79833, 1675867092.031281, 1675867092.2623549, 1675867092.493663, 1675867110.387212, 1675867110.609804, 1675867110.833243, 1675867111.095627, 1675867111.3184278, 1675867111.540656, 1675867111.7723699, 1675867129.2662752, 1675867129.485285, 1675867129.7039092, 1675867129.920044, 1675867130.139411, 1675867130.362046, 1675867130.581331, 1675867148.1631832, 1675867148.384274, 1675867148.6010072, 1675867148.822071, 1675867149.037513, 1675867149.258692, 1675867149.475347, 1675867167.377423, 1675867167.603908, 1675867167.826636, 1675867168.0446012, 1675867168.264588, 1675867168.48603, 1675867168.7059891, 1675867187.224677, 1675867187.54773, 1675867187.8706188, 1675867188.177643, 1675867188.4101682, 1675867188.647506, 1675867188.880097], "episode_lengths": [150, 150, 150, 150, 150, 150, 150, 150, 150, 150, 150, 150, 150, 150, 150, 150, 150, 150, 150, 150, 150, 150, 150, 150, 150, 150, 150, 150, 150, 150, 150, 150, 150, 150, 150, 150, 150, 150, 150, 150, 150, 150, 150, 150, 139, 150, 150, 150, 150, 150, 150, 150, 150, 150, 150, 150, 150, 150, 150, 150, 150, 150, 150, 150, 150, 150, 150, 150, 150, 150, 150, 150, 150, 150, 150, 150, 150, 150, 150, 150, 150, 150, 150, 150, 136, 134, 150, 150, 150, 150, 150, 150, 150, 150, 150, 150, 150, 150, 150, 150, 150, 150, 150, 150, 150, 150, 150, 150, 150, 150, 150, 150, 150, 150, 150, 150, 150, 150, 150, 150, 150, 150, 150, 150, 150, 150, 150, 150, 150, 150, 150, 150, 150, 150, 150, 150, 150, 150, 150, 150], "episode_rewards": [-150.0, -150.0, -150.0, -150.0, -150.0, -150.0, -150.0, -150.0, -150.0, -150.0, -150.0, -150.0, -150.0, -150.0, -150.0, -150.0, -150.0, -150.0, -150.0, -150.0, -150.0, -150.0, -150.0, -150.0, -150.0, -150.0, -150.0, -150.0, -150.0, -150.0, -150.0, -150.0, -150.0, -150.0, -150.0, -150.0, -150.0, -150.0, -150.0, -150.0, -150.0, -150.0, -150.0, -150.0, -138.0, -150.0, -150.0, -150.0, -150.0, -150.0, -150.0, -150.0, -150.0, -150.0, -150.0, -150.0, -150.0, -150.0, -150.0, -150.0, -150.0, -150.0, -150.0, -150.0, -150.0, -150.0, -150.0, -150.0, -150.0, -150.0, -150.0, -150.0, -150.0, -150.0, -150.0, -150.0, -150.0, -150.0, -150.0, -150.0, -150.0, -150.0, -150.0, -150.0, -135.0, -133.0, -150.0, -150.0, -150.0, -150.0, -150.0, -150.0, -150.0, -150.0, -150.0, -150.0, -150.0, -150.0, -150.0, -150.0, -150.0, -150.0, -150.0, -150.0, -150.0, -150.0, -150.0, -150.0, -150.0, -150.0, -150.0, -150.0, -150.0, -150.0, -150.0, -150.0, -150.0, -150.0, -150.0, -150.0, -150.0, -150.0, -150.0, -150.0, -150.0, -150.0, -150.0, -150.0, -150.0, -150.0, -150.0, -150.0, -150.0, -150.0, -150.0, -150.0, -150.0, -150.0, -150.0, -150.0], "episode_types": ["t", "t", "t", "t", "t", "t", "t", "t", "t", "t", "t", "t", "t", "t", "t", "t", "t", "t", "t", "t", "t", "t", "t", "t", "t", "t", "t", "t", "t", "t", "t", "t", "t", "t", "t", "t", "t", "t", "t", "t", "t", "t", "t", "t", "t", "t", "t", "t", "t", "t", "t", "t", "t", "t", "t", "t", "t", "t", "t", "t", "t", "t", "t", "t", "t", "t", "t", "t", "t", "t", "t", "t", "t", "t", "t", "t", "t", "t", "t", "t", "t", "t", "t", "t", "t", "t", "t", "t", "t", "t", "t", "t", "t", "t", "t", "t", "t", "t", "t", "t", "t", "t", "t", "t", "t", "t", "t", "t", "t", "t", "t", "t", "t", "t", "t", "t", "t", "t", "t", "t", "t", "t", "t", "t", "t", "t", "t", "t", "t", "t", "t", "t", "t", "t", "t", "t", "t", "t", "t", "t"]}