{"initial_reset_timestamp": 1675886128.513063, "timestamps": [1675886133.7695029, 1675886134.0040069, 1675886134.266182, 1675886134.494345, 1675886134.724471, 1675886135.1150022, 1675886135.4492018, 1675886135.7741902, 1675886136.092114, 1675886136.4034638, 1675886136.716816, 1675886137.041685, 1675886137.354632, 1675886137.7031791, 1675886138.0142531, 1675886138.3268092, 1675886138.636249, 1675886138.943111, 1675886139.250646, 1675886139.558381, 1675886145.786237, 1675886146.096565, 1675886146.403732, 1675886146.7090461, 1675886147.042696, 1675886147.367002, 1675886147.671346, 1675886147.975321, 1675886148.2867122, 1675886148.592289, 1675886148.897492, 1675886149.202915, 1675886149.507873, 1675886149.812341, 1675886150.109783, 1675886150.463414, 1675886150.768597, 1675886151.094751, 1675886151.398978, 1675886151.7043, 1675886158.5544472, 1675886159.566119, 1675886160.5656068, 1675886161.609128, 1675886162.645306, 1675886163.663465, 1675886164.67094, 1675886165.6799161, 1675886166.695907, 1675886167.764972, 1675886168.790331, 1675886169.807436, 1675886170.8425589, 1675886171.872674, 1675886172.912739, 1675886173.9523451, 1675886174.996726, 1675886176.036948, 1675886177.1063979, 1675886178.159063, 1675886184.893861, 1675886185.936523, 1675886186.989372, 1675886188.074301, 1675886189.140003, 1675886190.199492, 1675886191.2647429, 1675886192.325244, 1675886193.394473, 1675886194.4481, 1675886195.3413389, 1675886196.39968, 1675886197.472265, 1675886198.330953, 1675886199.46444, 1675886200.5290308, 1675886201.0890691, 1675886201.5523012, 1675886202.138048, 1675886202.703809, 1675886203.161122, 1675886204.067311, 1675886204.680922, 1675886205.245072, 1675886205.734164, 1675886206.265833, 1675886213.781415, 1675886214.3952389, 1675886214.984972, 1675886215.427477, 1675886215.915509, 1675886216.340333, 1675886216.804064, 1675886217.47535, 1675886218.0071082, 1675886218.432401, 1675886218.990088, 1675886219.483103, 1675886219.9387012, 1675886220.516712, 1675886221.0340118, 1675886221.677427, 1675886222.136634, 1675886222.626933, 1675886223.186107, 1675886223.7441962, 1675886224.234661, 1675886224.690911, 1675886225.1606998, 1675886225.731545, 1675886226.370074, 1675886226.951478, 1675886227.3936791, 1675886227.933263, 1675886228.4614651, 1675886228.906523, 1675886229.3991308, 1675886229.904969, 1675886230.44877, 1675886231.0867672, 1675886231.575518, 1675886232.03184, 1675886232.588487, 1675886233.103656, 1675886233.609759, 1675886234.182681, 1675886234.657144, 1675886235.2068212, 1675886235.677741, 1675886236.2015302, 1675886236.652786, 1675886237.402143, 1675886237.8071702, 1675886238.540106, 1675886239.056133, 1675886239.4936059, 1675886239.947757, 1675886240.517875, 1675886241.1141481, 1675886247.849805, 1675886248.374038, 1675886249.104099, 1675886249.575768, 1675886250.0802822, 1675886250.7494211, 1675886251.21186, 1675886251.871965, 1675886252.3898618, 1675886252.976248, 1675886253.708024, 1675886254.309484, 1675886254.936159, 1675886255.4403672, 1675886255.995116, 1675886256.546369, 1675886257.253472, 1675886257.828405, 1675886258.3137422, 1675886258.82019, 1675886259.4027462, 1675886259.920301, 1675886260.3718688, 1675886260.913496, 1675886261.460605, 1675886261.878762, 1675886262.4293098, 1675886262.9507232, 1675886263.4686668, 1675886264.4862661, 1675886265.260233, 1675886265.808383, 1675886266.486639, 1675886266.9359848, 1675886267.629625, 1675886268.16312, 1675886268.67856, 1675886269.178426, 1675886269.72383, 1675886270.269129, 1675886271.289668, 1675886271.898489, 1675886272.63211, 1675886279.968482, 1675886280.989672, 1675886282.004468, 1675886283.026689, 1675886284.046274, 1675886284.8285592, 1675886285.832581, 1675886286.716913, 1675886287.730678, 1675886288.7101178, 1675886289.3476338, 1675886290.357913, 1675886290.946249, 1675886291.955242, 1675886292.7546082, 1675886294.161243, 1675886294.800574, 1675886296.06426, 1675886296.447982, 1675886297.142951, 1675886297.763849, 1675886298.4854982, 1675886298.9768589, 1675886299.95421, 1675886300.850095, 1675886301.792056, 1675886302.418734, 1675886303.5933352, 1675886313.227286, 1675886313.885275, 1675886314.9302971, 1675886316.109744, 1675886317.2898612, 1675886318.248705, 1675886319.4368708, 1675886320.3992598, 1675886321.6531048, 1675886323.093261, 1675886323.696739, 1675886325.000364, 1675886326.426799, 1675886327.8212821, 1675886328.896808, 1675886329.538465, 1675886330.368033, 1675886331.022877, 1675886331.777024, 1675886332.843512, 1675886334.0168371, 1675886335.0318668, 1675886335.96727, 1675886336.980103, 1675886337.4568708, 1675886338.092795, 1675886339.162389, 1675886357.1454499, 1675886358.293378, 1675886359.063551, 1675886359.964971, 1675886360.855639, 1675886361.767447, 1675886362.4004722, 1675886363.018284, 1675886364.3751621, 1675886365.330962, 1675886366.330123, 1675886367.342033, 1675886368.3757792, 1675886368.928006, 1675886369.718343, 1675886370.71678, 1675886371.31626, 1675886372.0540512, 1675886372.871273], "episode_lengths": [50, 50, 50, 50, 50, 50, 50, 50, 50, 50, 50, 50, 50, 50, 50, 50, 50, 50, 50, 50, 50, 50, 50, 50, 50, 50, 50, 50, 50, 50, 50, 50, 50, 50, 50, 50, 50, 50, 50, 50, 50, 50, 50, 50, 50, 50, 50, 50, 50, 50, 50, 50, 50, 50, 50, 50, 50, 50, 50, 50, 50, 50, 50, 50, 50, 50, 50, 50, 50, 50, 39, 50, 50, 38, 50, 50, 20, 15, 21, 21, 14, 41, 24, 18, 17, 19, 20, 24, 22, 14, 17, 13, 15, 25, 19, 13, 20, 17, 15, 22, 18, 26, 15, 17, 21, 21, 17, 15, 15, 22, 26, 22, 14, 20, 19, 14, 17, 18, 20, 23, 17, 15, 21, 18, 18, 22, 16, 20, 16, 19, 15, 31, 12, 32, 18, 14, 15, 22, 23, 25, 19, 31, 16, 18, 28, 15, 28, 19, 22, 32, 24, 25, 18, 21, 21, 30, 20, 17, 18, 23, 19, 15, 20, 21, 13, 21, 19, 19, 50, 34, 21, 25, 14, 29, 20, 19, 15, 21, 21, 50, 25, 32, 26, 50, 50, 50, 50, 32, 50, 42, 50, 48, 26, 50, 23, 50, 30, 50, 24, 50, 10, 24, 22, 27, 16, 35, 28, 21, 16, 50, 50, 25, 37, 50, 37, 44, 39, 35, 41, 50, 18, 46, 50, 50, 37, 17, 24, 24, 30, 29, 50, 34, 46, 50, 17, 27, 50, 50, 41, 21, 41, 25, 30, 25, 22, 48, 42, 50, 50, 50, 14, 35, 50, 24, 33, 38], "episode_rewards": [-50.0, -50.0, -50.0, -50.0, -50.0, -50.0, -50.0, -50.0, -50.0, -50.0, -50.0, -50.0, -50.0, -50.0, -50.0, -50.0, -50.0, -50.0, -50.0, -50.0, -50.0, -50.0, -50.0, -50.0, -50.0, -50.0, -50.0, -50.0, -50.0, -50.0, -50.0, -50.0, -50.0, -50.0, -50.0, -50.0, -50.0, -50.0, -50.0, -50.0, -50.0, -50.0, -50.0, -50.0, -50.0, -50.0, -50.0, -50.0, -50.0, -50.0, -50.0, -50.0, -50.0, -50.0, -50.0, -50.0, -50.0, -50.0, -50.0, -50.0, -50.0, -50.0, -50.0, -50.0, -50.0, -50.0, -50.0, -50.0, -50.0, -50.0, -38.0, -50.0, -50.0, -37.0, -50.0, -50.0, -19.0, -14.0, -20.0, -20.0, -13.0, -40.0, -23.0, -17.0, -16.0, -18.0, -19.0, -23.0, -21.0, -13.0, -16.0, -12.0, -14.0, -24.0, -18.0, -12.0, -19.0, -16.0, -14.0, -21.0, -17.0, -25.0, -14.0, -16.0, -20.0, -20.0, -16.0, -14.0, -14.0, -21.0, -25.0, -21.0, -13.0, -19.0, -18.0, -13.0, -16.0, -17.0, -19.0, -22.0, -16.0, -14.0, -20.0, -17.0, -17.0, -21.0, -15.0, -19.0, -15.0, -18.0, -14.0, -30.0, -11.0, -31.0, -17.0, -13.0, -14.0, -21.0, -22.0, -24.0, -18.0, -30.0, -15.0, -17.0, -27.0, -14.0, -27.0, -18.0, -21.0, -31.0, -23.0, -24.0, -17.0, -20.0, -20.0, -29.0, -19.0, -16.0, -17.0, -22.0, -18.0, -14.0, -19.0, -20.0, -12.0, -20.0, -18.0, -18.0, -50.0, -33.0, -20.0, -24.0, -13.0, -28.0, -19.0, -18.0, -14.0, -20.0, -20.0, -50.0, -24.0, -31.0, -25.0, -50.0, -50.0, -50.0, -50.0, -31.0, -50.0, -41.0, -49.0, -47.0, -25.0, -50.0, -22.0, -50.0, -29.0, -50.0, -23.0, -50.0, -9.0, -23.0, -21.0, -26.0, -15.0, -34.0, -27.0, -20.0, -15.0, -50.0, -50.0, -24.0, -36.0, -50.0, -36.0, -43.0, -38.0, -34.0, -40.0, -50.0, -17.0, -45.0, -50.0, -50.0, -36.0, -16.0, -23.0, -23.0, -29.0, -28.0, -50.0, -33.0, -45.0, -50.0, -16.0, -26.0, -50.0, -50.0, -40.0, -20.0, -40.0, -24.0, -29.0, -24.0, -21.0, -47.0, -41.0, -50.0, -50.0, -50.0, -13.0, -34.0, -50.0, -23.0, -32.0, -37.0],