{"initial_reset_timestamp": 1675886128.745654, "timestamps": [1675886129.0061781, 1675886129.243084, 1675886129.4759948, 1675886129.738008, 1675886129.97514, 1675886130.217356, 1675886130.451089, 1675886130.683944, 1675886130.921661, 1675886131.154559, 1675886131.38923, 1675886131.626909, 1675886131.8580039, 1675886132.0919309, 1675886132.329676, 1675886132.563843, 1675886132.7985122, 1675886133.0334458, 1675886133.267066, 1675886133.50158, 1675886133.734379, 1675886141.106273, 1675886141.340638, 1675886141.576108, 1675886141.812245, 1675886142.048481, 1675886142.284277, 1675886142.520023, 1675886142.751466, 1675886142.99063, 1675886143.225133, 1675886143.461107, 1675886143.6956532, 1675886143.931825, 1675886144.171393, 1675886144.4060612, 1675886144.693804, 1675886144.938595, 1675886145.1768372, 1675886145.413814, 1675886145.651329, 1675886153.218953, 1675886153.453705, 1675886153.691466, 1675886153.926341, 1675886154.165781, 1675886154.404732, 1675886154.638765, 1675886154.8784971, 1675886155.12297, 1675886155.403883, 1675886155.63888, 1675886155.877095, 1675886156.111596, 1675886156.347589, 1675886156.583824, 1675886156.818043, 1675886157.055137, 1675886157.291575, 1675886157.527468, 1675886157.764222, 1675886179.68221, 1675886179.915322, 1675886180.144145, 1675886180.414911, 1675886180.6453938, 1675886180.871094, 1675886181.101713, 1675886181.327724, 1675886181.5518332, 1675886181.7817202, 1675886182.007248, 1675886182.2334678, 1675886182.4596531, 1675886182.68517, 1675886182.915672, 1675886183.144584, 1675886183.369456, 1675886183.594219, 1675886183.8203, 1675886184.046162, 1675886208.004236, 1675886208.231024, 1675886208.464076, 1675886208.687596, 1675886208.90131, 1675886209.115183, 1675886209.330205, 1675886209.554822, 1675886209.777718, 1675886209.981644, 1675886210.19168, 1675886210.430634, 1675886210.712613, 1675886210.933093, 1675886211.165592, 1675886211.381033, 1675886211.606967, 1675886211.8427598, 1675886212.081585, 1675886212.3000162, 1675886212.526987, 1675886212.753104, 1675886212.9796999, 1675886213.215785, 1675886213.447616, 1675886213.6738071, 1675886242.911823, 1675886243.146933, 1675886243.38209, 1675886243.618634, 1675886243.8324401, 1675886244.070246, 1675886244.309362, 1675886244.5454578, 1675886244.780003, 1675886245.018667, 1675886245.252565, 1675886245.490019, 1675886245.722861, 1675886245.95887, 1675886246.199431, 1675886246.432658, 1675886246.7074418, 1675886246.950773, 1675886247.191085, 1675886247.42289, 1675886247.655709, 1675886274.487596, 1675886274.716224, 1675886274.952109, 1675886275.166639, 1675886275.391434, 1675886275.6250482, 1675886275.857433, 1675886276.091535, 1675886276.323672, 1675886276.611076, 1675886276.852752, 1675886277.071732, 1675886277.3087978, 1675886277.542125, 1675886277.7753448, 1675886278.007981, 1675886278.222881, 1675886278.457623, 1675886278.6713002, 1675886278.9124491, 1675886279.153895, 1675886279.3914309, 1675886279.605286, 1675886279.8389592, 1675886305.753883, 1675886306.016156, 1675886306.2645829, 1675886306.515799, 1675886306.834655, 1675886307.2341068, 1675886307.624903, 1675886307.938096, 1675886308.1798432, 1675886308.4663959, 1675886308.893404, 1675886309.20303, 1675886309.5306501, 1675886309.7699368, 1675886310.1223109, 1675886310.3753479, 1675886310.586617, 1675886310.804245, 1675886311.16705, 1675886311.477936, 1675886311.701589, 1675886311.936255, 1675886312.198782, 1675886312.450185, 1675886312.6944919, 1675886341.3504739, 1675886341.5677261, 1675886341.781787, 1675886341.995244, 1675886342.2092679, 1675886342.417002, 1675886342.63087, 1675886342.845794, 1675886343.0814478, 1675886343.436088, 1675886343.785889, 1675886344.0093389, 1675886344.2232819, 1675886344.437016, 1675886344.653651, 1675886344.876033, 1675886345.1635919, 1675886345.4845781, 1675886345.704452, 1675886345.915213, 1675886346.1369758, 1675886346.353827, 1675886346.566684, 1675886346.7947059, 1675886347.0285969, 1675886347.249664, 1675886347.470002, 1675886347.702858, 1675886347.9840808, 1675886348.200053, 1675886348.518133, 1675886348.871701, 1675886349.1855319, 1675886349.406162, 1675886349.746335, 1675886349.986978, 1675886350.1977239, 1675886350.4085681, 1675886350.615387, 1675886350.8353941, 1675886351.134176, 1675886351.4902039, 1675886351.706486, 1675886352.0082638, 1675886352.3518631, 1675886352.5659342, 1675886352.839809, 1675886353.130166, 1675886353.342006, 1675886353.5687501, 1675886353.922969, 1675886354.195456, 1675886354.406165, 1675886354.61962, 1675886354.99832, 1675886355.3251479, 1675886355.700585, 1675886356.0268319, 1675886356.348885], "episode_lengths": [50, 50, 50, 49, 50, 50, 50, 50, 50, 50, 50, 50, 44, 50, 50, 50, 50, 50, 50, 50, 47, 50, 50, 50, 50, 50, 50, 50, 50, 50, 50, 50, 50, 50, 50, 50, 50, 50, 50, 50, 50, 50, 50, 50, 50, 50, 50, 50, 50, 50, 50, 50, 50, 50, 50, 50, 50, 50, 50, 50, 50, 50, 50, 50, 50, 50, 50, 50, 50, 50, 50, 50, 50, 50, 50, 50, 50, 50, 50, 50, 50, 25, 50, 50, 50, 21, 24, 26, 50, 50, 14, 16, 50, 50, 16, 50, 25, 40, 50, 48, 23, 43, 50, 40, 50, 50, 42, 50, 50, 50, 50, 23, 50, 50, 50, 50, 50, 50, 50, 50, 50, 50, 50, 50, 50, 50, 50, 50, 38, 44, 32, 23, 37, 50, 50, 50, 50, 50, 50, 30, 50, 45, 48, 50, 25, 50, 25, 50, 50, 50, 27, 50, 50, 50, 41, 50, 50, 50, 50, 50, 50, 29, 49, 17, 46, 50, 35, 32, 15, 22, 46, 23, 23, 35, 50, 50, 48, 16, 13, 11, 17, 16, 13, 14, 20, 18, 15, 14, 13, 16, 15, 14, 15, 22, 17, 19, 13, 17, 14, 11, 19, 24, 15, 16, 31, 15, 14, 18, 14, 27, 14, 16, 26, 16, 15, 13, 13, 19, 16, 17, 41, 22, 17, 14, 18, 15, 29, 16, 14, 12, 15, 15, 23, 18, 14, 12], "episode_rewards": [-50.0, -50.0, -50.0, -48.0, -50.0, -50.0, -50.0, -50.0, -50.0, -50.0, -50.0, -50.0, -43.0, -50.0, -50.0, -50.0, -50.0, -50.0, -50.0, -50.0, -46.0, -50.0, -50.0, -50.0, -50.0, -50.0, -50.0, -50.0, -50.0, -50.0, -50.0, -50.0, -50.0, -50.0, -50.0, -50.0, -50.0, -50.0, -50.0, -50.0, -50.0, -50.0, -50.0, -50.0, -50.0, -50.0, -50.0, -50.0, -50.0, -50.0, -50.0, -50.0, -50.0, -50.0, -50.0, -50.0, -50.0, -50.0, -50.0, -50.0, -50.0, -50.0, -50.0, -50.0, -50.0, -50.0, -50.0, -50.0, -50.0, -50.0, -50.0, -50.0, -50.0, -50.0, -50.0, -50.0, -50.0, -50.0, -50.0, -50.0, -50.0, -24.0, -50.0, -50.0, -50.0, -20.0, -23.0, -25.0, -50.0, -50.0, -13.0, -15.0, -50.0, -50.0, -15.0, -50.0, -24.0, -39.0, -50.0, -47.0, -22.0, -42.0, -50.0, -39.0, -50.0, -50.0, -41.0, -50.0, -50.0, -50.0, -50.0, -22.0, -50.0, -50.0, -50.0, -50.0, -50.0, -50.0, -50.0, -50.0, -50.0, -50.0, -50.0, -50.0, -50.0, -50.0, -50.0, -50.0, -37.0, -43.0, -31.0, -22.0, -36.0, -50.0, -50.0, -50.0, -50.0, -50.0, -50.0, -29.0, -50.0, -44.0, -47.0, -50.0, -24.0, -50.0, -24.0, -50.0, -50.0, -50.0, -26.0, -50.0, -50.0, -50.0, -40.0, -50.0, -50.0, -50.0, -50.0, -50.0, -50.0, -28.0, -48.0, -16.0, -45.0, -50.0, -34.0, -31.0, -14.0, -21.0, -45.0, -22.0, -22.0, -34.0, -50.0, -50.0, -47.0, -15.0, -12.0, -10.0, -16.0, -15.0, -12.0, -13.0, -19.0, -17.0, -14.0, -13.0, -12.0, -15.0, -14.0, -13.0, -14.0, -21.0, -16.0, -18.0, -12.0, -16.0, -13.0, -10.0, -18.0, -23.0, -14.0, -15.0, -30.0, -14.0, -13.0, -17.0, -13.0, -26.0, -13.0, -15.0, -25.0, -15.0, -14.0, -12.0, -12.0, -18.0, -15.0, -16.0, -40.0, -21.0, -16.0, -13.0, -17.0, -14.0, -28.0, -15.0, -13.0, -11.0, -14.0, -14.0, -22.0, -17.0, -13.0, -11.0],