{"initial_reset_timestamp": 1675886388.2995148, "timestamps": [1675886388.559059, 1675886388.807561, 1675886389.0423958, 1675886389.3114932, 1675886389.5587032, 1675886389.814742, 1675886390.06127, 1675886390.301339, 1675886390.5408561, 1675886390.781865, 1675886391.029998, 1675886391.272179, 1675886391.517171, 1675886391.753883, 1675886391.9827359, 1675886392.235681, 1675886392.4650319, 1675886392.696107, 1675886392.931587, 1675886393.162928, 1675886393.3925388, 1675886401.165128, 1675886401.396107, 1675886401.625946, 1675886401.858283, 1675886402.090881, 1675886402.3210711, 1675886402.550559, 1675886402.787711, 1675886403.020417, 1675886403.250557, 1675886403.4839559, 1675886403.7188191, 1675886403.950054, 1675886404.1885812, 1675886404.41824, 1675886404.6891909, 1675886404.9331388, 1675886405.166417, 1675886405.395218, 1675886405.624065, 1675886413.1264079, 1675886413.355084, 1675886413.585928, 1675886413.817154, 1675886414.0509188, 1675886414.281953, 1675886414.5129962, 1675886414.748477, 1675886414.9884958, 1675886415.22976, 1675886415.5342348, 1675886415.7640052, 1675886415.994169, 1675886416.2308538, 1675886416.459701, 1675886416.690612, 1675886416.932211, 1675886417.1777742, 1675886417.410867, 1675886417.640495, 1675886439.53041, 1675886439.7509649, 1675886439.975297, 1675886440.1999528, 1675886440.48483, 1675886440.7070231, 1675886440.938869, 1675886441.177227, 1675886441.398436, 1675886441.6215749, 1675886441.842815, 1675886442.068511, 1675886442.292145, 1675886442.516792, 1675886442.7411, 1675886442.9649248, 1675886443.189176, 1675886443.4143648, 1675886443.6369019, 1675886443.8601012, 1675886467.92837, 1675886468.2881448, 1675886468.632156, 1675886468.8595772, 1675886469.0826938, 1675886469.304485, 1675886469.53618, 1675886469.7891479, 1675886470.040598, 1675886470.288979, 1675886470.512865, 1675886470.736722, 1675886470.961647, 1675886471.19116, 1675886471.415901, 1675886471.6995971, 1675886472.0032032, 1675886472.246433, 1675886472.497323, 1675886472.744334, 1675886499.915773, 1675886500.151767, 1675886500.38396, 1675886500.617436, 1675886500.845985, 1675886501.0783749, 1675886501.309598, 1675886501.539528, 1675886501.8264792, 1675886502.057229, 1675886502.288762, 1675886502.5215821, 1675886502.7561312, 1675886502.988054, 1675886503.221023, 1675886503.4516711, 1675886503.682076, 1675886503.9656901, 1675886504.196558, 1675886504.428246, 1675886504.660144, 1675886530.22276, 1675886530.525014, 1675886530.923166, 1675886531.169215, 1675886531.398816, 1675886531.811369, 1675886532.174239, 1675886532.4073431, 1675886532.7856388, 1675886533.162792, 1675886533.3943949, 1675886533.619628, 1675886533.857068, 1675886534.1072168, 1675886534.348814, 1675886534.6560671, 1675886534.899439, 1675886535.1384552, 1675886535.390597, 1675886535.6289332, 1675886560.2313302, 1675886560.474755, 1675886560.7175639, 1675886560.982116, 1675886561.238047, 1675886561.536232, 1675886561.853593, 1675886562.072703, 1675886562.2943501, 1675886562.530932, 1675886562.761276, 1675886562.974931, 1675886563.209374, 1675886563.417006, 1675886563.651222, 1675886563.8829389, 1675886564.1018429, 1675886564.329807, 1675886564.545325, 1675886564.779843, 1675886565.012358, 1675886565.231925, 1675886565.4589372, 1675886565.693505, 1675886565.924557, 1675886566.166414], "episode_lengths": [50, 50, 50, 49, 50, 50, 50, 50, 50, 50, 50, 50, 44, 50, 50, 50, 50, 50, 50, 50, 47, 50, 50, 50, 50, 50, 50, 50, 50, 50, 50, 50, 50, 50, 50, 50, 50, 50, 50, 50, 50, 50, 50, 50, 50, 50, 50, 50, 50, 50, 50, 50, 50, 50, 50, 50, 50, 50, 50, 50, 50, 50, 50, 50, 50, 50, 50, 50, 50, 50, 50, 50, 50, 50, 50, 50, 50, 50, 50, 50, 50, 50, 50, 50, 50, 50, 50, 50, 50, 50, 50, 50, 50, 50, 50, 50, 50, 50, 50, 50, 50, 50, 50, 50, 50, 22, 50, 50, 50, 50, 50, 50, 50, 50, 50, 50, 50, 50, 50, 50, 50, 50, 50, 50, 50, 50, 50, 50, 50, 50, 50, 50, 50, 50, 50, 50, 50, 50, 50, 50, 50, 50, 16, 50, 50, 50, 50, 50, 50, 33, 33, 50, 45, 22, 50, 18, 50, 50, 30, 42, 27, 50, 33, 15, 28, 50, 50, 48], "episode_rewards": [-50.0, -50.0, -50.0, -48.0, -50.0, -50.0, -50.0, -50.0, -50.0, -50.0, -50.0, -50.0, -43.0, -50.0, -50.0, -50.0, -50.0, -50.0, -50.0, -50.0, -46.0, -50.0, -50.0, -50.0, -50.0, -50.0, -50.0, -50.0, -50.0, -50.0, -50.0, -50.0, -50.0, -50.0, -50.0, -50.0, -50.0, -50.0, -50.0, -50.0, -50.0, -50.0, -50.0, -50.0, -50.0, -50.0, -50.0, -50.0, -50.0, -50.0, -50.0, -50.0, -50.0, -50.0, -50.0, -50.0, -50.0, -50.0, -50.0, -50.0, -50.0, -50.0, -50.0, -50.0, -50.0, -50.0, -50.0, -50.0, -50.0, -50.0, -50.0, -50.0, -50.0, -50.0, -50.0, -50.0, -50.0, -50.0, -50.0, -50.0, -50.0, -50.0, -50.0, -50.0, -50.0, -50.0, -50.0, -50.0, -50.0, -50.0, -50.0, -50.0, -50.0, -50.0, -50.0, -50.0, -50.0, -50.0, -50.0, -50.0, -50.0, -50.0, -50.0, -50.0, -50.0, -21.0, -50.0, -50.0, -50.0, -50.0, -50.0, -50.0, -50.0, -50.0, -50.0, -50.0, -50.0, -50.0, -50.0, -50.0, -50.0, -50.0, -50.0, -50.0, -50.0, -50.0, -50.0, -50.0, -50.0, -50.0, -50.0, -50.0, -50.0, -50.0, -50.0, -50.0, -50.0, -50.0, -50.0, -50.0, -50.0, -50.0, -15.0, -50.0, -50.0, -50.0, -50.0, -50.0, -50.0, -32.0, -32.0, -50.0, -44.0, -21.0, -50.0, -17.0, -50.0, -50.0, -29.0, -41.0, -26.0, -50.0, -32.0, -14.0, -27.0, -50.0, -50.0, -47.0], "episode_types": ["t", "t", "t", "t", "t", "t", "t", "t", "t", "t", "t", "t", "t", "t", "t", "t", "t", "t", "t", "t", "t", "t", "t", "t", "t", "t", "t", "t", "t", "t", "t", "t", "t", "t", "t", "t", "t", "t", "t", "t", "t", "t", "t", "t", "t", "t", "t", "t", "t", "t", "t", "t", "t", "t", "t", "t", "t", "t", "t", "t", "t", "t", "t", "t", "t", "t", "t", "t", "t", "t", "t", "t", "t", "t", "t", "t", "t", "t", "t", "t", "t", "t", "t", "t", "t", "t", "t", "t", "t", "t", "t", "t", "t", "t", "t", "t", "t", "t", "t", "t", "t", "t", "t", "t", "t", "t", "t", "t", "t", "t", "t", "t", "t", "t", "t", "t", "t", "t", "t", "t", "t", "t", "t", "t", "t", "t", "t", "t", "t", "t", "t", "t", "t", "t", "t", "t", "t", "t", "t", "t", "t", "t", "t", "t", "t", "t", "t", "t", "t", "t", "t", "t", "t", "t", "t", "t", "t", "t", "t", "t", "t", "t", "t", "t", "t", "t", "t", "t"]}