{"initial_reset_timestamp": 1675886388.057227, "timestamps": [1675886393.425049, 1675886393.6620831, 1675886393.936851, 1675886394.167657, 1675886394.391723, 1675886394.750347, 1675886395.088895, 1675886395.407775, 1675886395.71779, 1675886396.030515, 1675886396.351379, 1675886396.689247, 1675886397.0328279, 1675886397.360407, 1675886397.687433, 1675886398.024802, 1675886398.332629, 1675886398.683894, 1675886399.047543, 1675886399.517466, 1675886405.757838, 1675886406.065835, 1675886406.366179, 1675886406.6734688, 1675886406.992979, 1675886407.3005068, 1675886407.602875, 1675886407.9033039, 1675886408.204926, 1675886408.506046, 1675886408.808735, 1675886409.113087, 1675886409.413159, 1675886409.7126882, 1675886410.022105, 1675886410.3632362, 1675886410.664316, 1675886410.968363, 1675886411.269232, 1675886411.570984, 1675886418.423413, 1675886419.4395819, 1675886420.439617, 1675886421.441571, 1675886422.435157, 1675886423.434174, 1675886424.4302988, 1675886425.436641, 1675886426.4370549, 1675886427.534846, 1675886428.5369751, 1675886429.562398, 1675886430.5746088, 1675886431.6018078, 1675886432.62169, 1675886433.6490471, 1675886434.6742048, 1675886435.905473, 1675886437.011594, 1675886438.038687, 1675886444.676592, 1675886445.71538, 1675886446.769415, 1675886447.8355231, 1675886448.931149, 1675886449.968092, 1675886451.0120802, 1675886452.1513228, 1675886453.19755, 1675886454.238082, 1675886455.291183, 1675886456.3350139, 1675886457.4794, 1675886458.721051, 1675886459.817576, 1675886460.878384, 1675886461.510852, 1675886462.59649, 1675886463.438553, 1675886463.8998568, 1675886464.6898649, 1675886465.446721, 1675886465.985822, 1675886472.9420958, 1675886473.555261, 1675886474.101677, 1675886474.6540859, 1675886475.216053, 1675886475.77072, 1675886476.3948429, 1675886477.013045, 1675886477.561246, 1675886478.0485382, 1675886478.718873, 1675886479.364786, 1675886479.9969769, 1675886480.4882948, 1675886481.099218, 1675886481.8477938, 1675886482.462291, 1675886483.026546, 1675886483.576303, 1675886484.100162, 1675886484.619953, 1675886485.1649148, 1675886485.614192, 1675886486.120445, 1675886486.685271, 1675886487.192805, 1675886487.732169, 1675886488.3535318, 1675886489.366613, 1675886489.818327, 1675886490.371577, 1675886490.97679, 1675886491.607765, 1675886492.111568, 1675886492.631666, 1675886493.0648699, 1675886493.6798239, 1675886494.169985, 1675886494.874751, 1675886495.358987, 1675886496.0829172, 1675886496.7243671, 1675886497.230307, 1675886498.066936, 1675886505.037129, 1675886505.599454, 1675886506.6182132, 1675886507.65924, 1675886508.564579, 1675886509.188797, 1675886510.2068522, 1675886510.892097, 1675886511.946704, 1675886512.419672, 1675886513.442235, 1675886514.4558048, 1675886515.0137548, 1675886515.574412, 1675886516.585737, 1675886517.672609, 1675886518.9431949, 1675886519.7975302, 1675886520.840136, 1675886521.9070249, 1675886522.4776561, 1675886523.3108459, 1675886524.076303, 1675886524.931861, 1675886525.67348, 1675886526.768898, 1675886527.633582, 1675886535.9664981, 1675886536.532688, 1675886537.58263, 1675886538.241434, 1675886539.258966, 1675886540.2858791, 1675886541.308254, 1675886542.493464, 1675886543.208071, 1675886543.9806678, 1675886545.013582, 1675886546.012811, 1675886547.033015, 1675886548.3326871, 1675886549.594673, 1675886550.7379231, 1675886551.583751, 1675886552.588369, 1675886553.171529, 1675886553.9144409, 1675886555.0005388, 1675886556.321125, 1675886557.434366, 1675886558.618709, 1675886566.926624, 1675886568.047883, 1675886569.109357, 1675886570.15259, 1675886571.164397, 1675886572.1774862, 1675886573.181056, 1675886574.179873, 1675886575.207959, 1675886576.2931871, 1675886577.4563541, 1675886578.453922, 1675886579.457859, 1675886580.505124], "episode_lengths": [50, 50, 50, 50, 50, 50, 50, 50, 50, 50, 50, 50, 50, 50, 50, 50, 50, 50, 50, 50, 50, 50, 50, 50, 50, 50, 50, 50, 50, 50, 50, 50, 50, 50, 50, 50, 50, 50, 50, 50, 50, 50, 50, 50, 50, 50, 50, 50, 50, 50, 50, 50, 50, 50, 50, 50, 50, 50, 50, 50, 50, 50, 50, 50, 50, 50, 50, 50, 50, 50, 50, 50, 50, 50, 50, 50, 25, 50, 21, 11, 25, 32, 20, 26, 24, 20, 21, 21, 21, 25, 24, 19, 17, 28, 26, 26, 17, 24, 33, 22, 21, 21, 19, 19, 20, 15, 18, 22, 17, 19, 25, 48, 15, 21, 24, 26, 18, 19, 13, 25, 15, 30, 17, 32, 26, 18, 39, 42, 22, 50, 50, 43, 25, 50, 29, 50, 16, 50, 50, 21, 22, 50, 50, 50, 32, 35, 50, 20, 33, 15, 24, 23, 50, 39, 50, 22, 50, 27, 50, 50, 31, 50, 27, 29, 50, 50, 50, 50, 50, 50, 33, 50, 23, 34, 50, 50, 50, 50, 50, 50, 50, 50, 50, 50, 50, 50, 50, 50, 50, 50, 50, 50], "episode_rewards": [-50.0, -50.0, -50.0, -50.0, -50.0, -50.0, -50.0, -50.0, -50.0, -50.0, -50.0, -50.0, -50.0, -50.0, -50.0, -50.0, -50.0, -50.0, -50.0, -50.0, -50.0, -50.0, -50.0, -50.0, -50.0, -50.0, -50.0, -50.0, -50.0, -50.0, -50.0, -50.0, -50.0, -50.0, -50.0, -50.0, -50.0, -50.0, -50.0, -50.0, -50.0, -50.0, -50.0, -50.0, -50.0, -50.0, -50.0, -50.0, -50.0, -50.0, -50.0, -50.0, -50.0, -50.0, -50.0, -50.0, -50.0, -50.0, -50.0, -50.0, -50.0, -50.0, -50.0, -50.0, -50.0, -50.0, -50.0, -50.0, -50.0, -50.0, -50.0, -50.0, -50.0, -50.0, -50.0, -50.0, -24.0, -50.0, -20.0, -10.0, -24.0, -31.0, -19.0, -25.0, -23.0, -19.0, -20.0, -20.0, -20.0, -24.0, -23.0, -18.0, -16.0, -27.0, -25.0, -25.0, -16.0, -23.0, -32.0, -21.0, -20.0, -20.0, -18.0, -18.0, -19.0, -14.0, -17.0, -21.0, -16.0, -18.0, -24.0, -47.0, -14.0, -20.0, -23.0, -25.0, -17.0, -18.0, -12.0, -24.0, -14.0, -29.0, -16.0, -31.0, -25.0, -17.0, -38.0, -41.0, -21.0, -50.0, -50.0, -42.0, -24.0, -50.0, -28.0, -50.0, -15.0, -50.0, -50.0, -20.0, -21.0, -50.0, -50.0, -50.0, -31.0, -34.0, -50.0, -19.0, -32.0, -14.0, -23.0, -22.0, -50.0, -38.0, -50.0, -21.0, -50.0, -26.0, -50.0, -50.0, -30.0, -50.0, -26.0, -28.0, -50.0, -50.0, -50.0, -50.0, -50.0, -50.0, -32.0, -50.0, -22.0, -33.0, -50.0, -50.0, -50.0, -50.0, -50.0, -50.0, -50.0, -50.0, -50.0, -50.0, -50.0, -50.0, -50.0, -50.0, -50.0, -50.0, -50.0, -50.0], "episode_types": ["t", "t", "t", "t", "t", "t", "t", "t", "t", "t", "t", "t", "t", "t", "t", "t", "t", "t", "t", "t", "t", "t", "t", "t", "t", "t", "t", "t", "t", "t", "t", "t", "t", "t", "t", "t", "t", "t", "t", "t", "t", "t", "t", "t", "t", "t", "t", "t", "t", "t", "t", "t", "t", "t", "t", "t", "t", "t", "t", "t", "t", "t", "t", "t", "t", "t", "t", "t", "t", "t", "t", "t", "t", "t", "t", "t", "t", "t", "t", "t", "t", "t", "t", "t", "t", "t", "t", "t", "t", "t", "t", "t", "t", "t", "t", "t", "t", "t", "t", "t", "t", "t", "t", "t", "t", "t", "t", "t", "t", "t", "t", "t", "t", "t", "t", "t", "t", "t", "t", "t", "t", "t", "t", "t", "t", "t", "t", "t", "t", "t", "t", "t", "t", "t", "t", "t", "t", "t", "t", "t", "t", "t", "t", "t", "t", "t", "t", "t", "t", "t", "t", "t", "t", "t", "t", "t", "t", "t", "t", "t", "t", "t", "t", "t", "t", "t", "t", "t", "t", "t", "t", "t", "t", "t", "t", "t", "t", "t", "t", "t", "t", "t", "t", "t", "t", "t", "t", "t", "t", "t", "t", "t", "t"]}