{"initial_reset_timestamp": 1675952141.948232, "timestamps": [1675952142.228998, 1675952142.452426, 1675952142.677668, 1675952142.898336, 1675952143.132847, 1675952143.36735, 1675952143.604116, 1675952147.716473, 1675952147.939167, 1675952148.169156, 1675952148.396037, 1675952148.623582, 1675952148.850234, 1675952149.0763662, 1675952153.486176, 1675952153.712857, 1675952153.976651, 1675952154.204542, 1675952154.429472, 1675952154.653853, 1675952154.877751, 1675952172.6066391, 1675952172.8452811, 1675952173.081624, 1675952173.311904, 1675952173.5407429, 1675952173.767031, 1675952173.997501, 1675952192.629884, 1675952192.869866, 1675952193.102278, 1675952193.343125, 1675952193.5779588, 1675952193.814069, 1675952194.049021, 1675952213.851561, 1675952214.0885, 1675952214.329789, 1675952214.572036, 1675952214.808269, 1675952215.052885, 1675952215.340655, 1675952235.757803, 1675952235.9916182, 1675952236.2324328, 1675952236.4657018, 1675952236.7110589, 1675952236.948216, 1675952237.185197, 1675952257.5981948, 1675952257.830133, 1675952258.067016, 1675952258.307124, 1675952258.540894, 1675952258.773105, 1675952259.007107, 1675952281.753091, 1675952282.018781, 1675952282.266857, 1675952282.647438, 1675952282.952946, 1675952283.209793, 1675952283.482767, 1675952306.065514, 1675952306.291542, 1675952306.519559, 1675952306.749465, 1675952306.977459, 1675952307.209693, 1675952307.437162, 1675952328.3448162, 1675952328.7259572, 1675952328.9670248, 1675952329.2705338, 1675952329.594296, 1675952329.823966, 1675952330.1674418, 1675952351.167831, 1675952351.443651, 1675952351.8011642, 1675952352.076949, 1675952352.5003352, 1675952352.81677, 1675952353.166806], "episode_lengths": [150, 150, 150, 150, 150, 150, 150, 150, 150, 150, 150, 150, 150, 150, 150, 150, 150, 150, 150, 150, 150, 150, 150, 150, 150, 150, 150, 150, 150, 150, 150, 150, 150, 150, 150, 150, 150, 150, 150, 150, 150, 150, 150, 150, 150, 150, 150, 150, 150, 150, 150, 150, 150, 150, 150, 150, 150, 150, 150, 150, 150, 150, 150, 150, 150, 150, 150, 150, 150, 150, 150, 150, 150, 150, 150, 150, 150, 150, 150, 150, 150, 150, 150, 150], "episode_rewards": [-150.0, -150.0, -150.0, -150.0, -150.0, -150.0, -150.0, -150.0, -150.0, -150.0, -150.0, -150.0, -150.0, -150.0, -150.0, -150.0, -150.0, -150.0, -150.0, -150.0, -150.0, -150.0, -150.0, -150.0, -150.0, -150.0, -150.0, -150.0, -150.0, -150.0, -150.0, -150.0, -150.0, -150.0, -150.0, -150.0, -150.0, -150.0, -150.0, -150.0, -150.0, -150.0, -150.0, -150.0, -150.0, -150.0, -150.0, -150.0, -150.0, -150.0, -150.0, -150.0, -150.0, -150.0, -150.0, -150.0, -150.0, -150.0, -150.0, -150.0, -150.0, -150.0, -150.0, -150.0, -150.0, -150.0, -150.0, -150.0, -150.0, -150.0, -150.0, -150.0, -150.0, -150.0, -150.0, -150.0, -150.0, -150.0, -150.0, -150.0, -150.0, -150.0, -150.0, -150.0], "episode_types": ["t", "t", "t", "t", "t", "t", "t", "t", "t", "t", "t", "t", "t", "t", "t", "t", "t", "t", "t", "t", "t", "t", "t", "t", "t", "t", "t", "t", "t", "t", "t", "t", "t", "t", "t", "t", "t", "t", "t", "t", "t", "t", "t", "t", "t", "t", "t", "t", "t", "t", "t", "t", "t", "t", "t", "t", "t", "t", "t", "t", "t", "t", "t", "t", "t", "t", "t", "t", "t", "t", "t", "t", "t", "t", "t", "t", "t", "t", "t", "t", "t", "t", "t", "t"]}