{"initial_reset_timestamp": 1675952141.793514, "timestamps": [1675952143.707099, 1675952144.0725272, 1675952144.615159, 1675952145.09249, 1675952145.559456, 1675952146.023792, 1675952149.19888, 1675952149.65588, 1675952150.109971, 1675952150.562321, 1675952151.018272, 1675952151.478535, 1675952151.925899, 1675952156.396707, 1675952158.815831, 1675952161.245497, 1675952163.6992939, 1675952166.171317, 1675952168.659211, 1675952171.16751, 1675952176.3956301, 1675952178.955588, 1675952181.536078, 1675952184.1461718, 1675952186.77416, 1675952189.435355, 1675952194.9273899, 1675952197.643025, 1675952200.3673291, 1675952203.1820831, 1675952205.960243, 1675952208.7264562, 1675952211.519111, 1675952217.201455, 1675952220.010995, 1675952222.847317, 1675952225.6969988, 1675952228.519389, 1675952231.3754082, 1675952234.2158132, 1675952239.892114, 1675952242.761523, 1675952245.6340742, 1675952248.488897, 1675952251.429109, 1675952254.3110762, 1675952259.904792, 1675952262.749376, 1675952265.582953, 1675952268.396585, 1675952271.211091, 1675952274.917825, 1675952278.294255, 1675952285.373385, 1675952288.2790568, 1675952291.2577941, 1675952294.029978, 1675952297.13369, 1675952300.9618828, 1675952304.574431, 1675952310.118169, 1675952312.9279559, 1675952316.222244, 1675952318.95314, 1675952322.301106, 1675952325.117131, 1675952331.087488, 1675952333.863678, 1675952336.547627, 1675952339.935157, 1675952342.608473, 1675952345.8326, 1675952348.5797381], "episode_lengths": [150, 150, 150, 150, 150, 150, 150, 150, 150, 150, 150, 150, 150, 150, 150, 150, 150, 150, 150, 150, 150, 150, 150, 150, 150, 150, 150, 150, 150, 150, 150, 150, 150, 150, 150, 150, 150, 150, 150, 150, 150, 150, 150, 150, 150, 150, 150, 150, 150, 150, 150, 150, 150, 150, 150, 150, 150, 150, 150, 150, 150, 150, 150, 150, 150, 150, 150, 150, 150, 150, 150, 150, 150], "episode_rewards": [-150.0, -150.0, -150.0, -150.0, -150.0, -150.0, -150.0, -150.0, -150.0, -150.0, -150.0, -150.0, -150.0, -150.0, -150.0, -150.0, -150.0, -150.0, -150.0, -150.0, -150.0, -150.0, -150.0, -150.0, -150.0, -150.0, -150.0, -150.0, -150.0, -150.0, -150.0, -150.0, -150.0, -150.0, -150.0, -150.0, -150.0, -150.0, -150.0, -150.0, -150.0, -150.0, -150.0, -150.0, -150.0, -150.0, -150.0, -150.0, -150.0, -150.0, -150.0, -150.0, -150.0, -150.0, -150.0, -150.0, -150.0, -150.0, -150.0, -150.0, -150.0, -150.0, -150.0, -150.0, -150.0, -150.0, -150.0, -150.0, -150.0, -150.0, -150.0, -150.0, -150.0], "episode_types": ["t", "t", "t", "t", "t", "t", "t", "t", "t", "t", "t", "t", "t", "t", "t", "t", "t", "t", "t", "t", "t", "t", "t", "t", "t", "t", "t", "t", "t", "t", "t", "t", "t", "t", "t", "t", "t", "t", "t", "t", "t", "t", "t", "t", "t", "t", "t", "t", "t", "t", "t", "t", "t", "t", "t", "t", "t", "t", "t", "t", "t", "t", "t", "t", "t", "t", "t", "t", "t", "t", "t", "t", "t", "t"]}