{"initial_reset_timestamp": 1675959959.3078558, "timestamps": [1675959961.2338471, 1675959961.6776488, 1675959962.377007, 1675959963.083361, 1675959963.785846, 1675959964.2966468, 1675959968.1956549, 1675959968.722313, 1675959969.2326279, 1675959969.747231, 1675959970.261676, 1675959970.718036, 1675959971.178653, 1675959975.517046, 1675959978.139544, 1675959980.7258801, 1675959983.31491, 1675959985.9123929, 1675959988.41092, 1675959990.910225, 1675959996.048713, 1675959998.575134, 1675960001.1070468, 1675960003.635145, 1675960006.173388, 1675960008.738086, 1675960013.904178, 1675960016.532553, 1675960019.194634, 1675960021.855922, 1675960024.520084, 1675960027.217621, 1675960029.950807, 1675960035.304223, 1675960038.032212, 1675960040.744212, 1675960043.5428429, 1675960046.277762, 1675960048.9861991, 1675960051.6786401, 1675960057.1103191, 1675960059.838946, 1675960062.507505, 1675960065.167351, 1675960067.86477, 1675960070.519299, 1675960075.886676, 1675960078.537756, 1675960081.277621, 1675960083.928874, 1675960086.583647, 1675960089.287816, 1675960091.9505842, 1675960097.327032, 1675960099.968365, 1675960102.5816598, 1675960105.183658, 1675960107.788518, 1675960110.40865, 1675960113.003619, 1675960118.373451, 1675960120.9756129, 1675960123.5561779, 1675960126.151039, 1675960128.736267, 1675960130.702465, 1675960132.2451699, 1675960136.65569, 1675960139.2556522, 1675960141.8257852, 1675960144.386543, 1675960146.960269, 1675960149.563076, 1675960152.1418822, 1675960157.605066, 1675960160.228493, 1675960162.802701, 1675960165.375911, 1675960167.960326, 1675960170.538499, 1675960173.10623, 1675960178.4860868, 1675960181.082248, 1675960183.6604412, 1675960186.2419431, 1675960188.812842, 1675960191.3843808, 1675960196.778124, 1675960199.41791, 1675960202.091325, 1675960205.0509272, 1675960208.5022569, 1675960211.822531, 1675960214.934408, 1675960220.541286, 1675960223.124303, 1675960225.7079082, 1675960228.291594, 1675960230.9389062, 1675960234.453409, 1675960238.296597, 1675960244.3614972, 1675960247.3941078, 1675960250.09361, 1675960252.7029219, 1675960255.330656, 1675960257.9621382, 1675960263.344507, 1675960265.963361, 1675960268.602186, 1675960271.215884, 1675960273.8796248, 1675960276.52757, 1675960279.218019, 1675960285.1057768], "episode_lengths": [150, 150, 150, 150, 124, 150, 150, 150, 150, 150, 150, 150, 150, 150, 150, 150, 150, 150, 150, 150, 150, 150, 150, 150, 150, 150, 150, 150, 150, 150, 150, 150, 150, 150, 150, 150, 150, 150, 150, 150, 150, 150, 150, 150, 150, 150, 150, 150, 150, 150, 150, 150, 150, 150, 150, 150, 150, 150, 150, 150, 150, 150, 150, 150, 150, 113, 87, 84, 150, 150, 150, 150, 150, 150, 150, 150, 150, 150, 150, 150, 150, 150, 150, 150, 150, 150, 150, 150, 150, 150, 150, 150, 150, 150, 150, 150, 150, 150, 150, 150, 150, 150, 150, 150, 150, 150, 150, 150, 150, 150, 150, 150, 150, 150, 150], "episode_rewards": [-150.0, -150.0, -150.0, -150.0, -123.0, -150.0, -150.0, -150.0, -150.0, -150.0, -150.0, -150.0, -150.0, -150.0, -150.0, -150.0, -150.0, -150.0, -150.0, -150.0, -150.0, -150.0, -150.0, -150.0, -150.0, -150.0, -150.0, -150.0, -150.0, -150.0, -150.0, -150.0, -150.0, -150.0, -150.0, -150.0, -150.0, -150.0, -150.0, -150.0, -150.0, -150.0, -150.0, -150.0, -150.0, -150.0, -150.0, -150.0, -150.0, -150.0, -150.0, -150.0, -150.0, -150.0, -150.0, -150.0, -150.0, -150.0, -150.0, -150.0, -150.0, -150.0, -150.0, -149.0, -150.0, -112.0, -86.0, -83.0, -150.0, -150.0, -150.0, -150.0, -150.0, -150.0, -150.0, -150.0, -150.0, -150.0, -150.0, -150.0, -150.0, -150.0, -150.0, -150.0, -150.0, -150.0, -150.0, -150.0, -150.0, -150.0, -150.0, -150.0, -150.0, -150.0, -150.0, -150.0, -150.0, -150.0, -150.0, -150.0, -150.0, -150.0, -150.0, -150.0, -150.0, -150.0, -150.0, -150.0, -150.0, -150.0, -150.0, -150.0, -150.0, -150.0, -150.0], "episode_types": ["t", "t", "t", "t", "t", "t", "t", "t", "t", "t", "t", "t", "t", "t", "t", "t", "t", "t", "t", "t", "t", "t", "t", "t", "t", "t", "t", "t", "t", "t", "t", "t", "t", "t", "t", "t", "t", "t", "t", "t", "t", "t", "t", "t", "t", "t", "t", "t", "t", "t", "t", "t", "t", "t", "t", "t", "t", "t", "t", "t", "t", "t", "t", "t", "t", "t", "t", "t", "t", "t", "t", "t", "t", "t", "t", "t", "t", "t", "t", "t", "t", "t", "t", "t", "t", "t", "t", "t", "t", "t", "t", "t", "t", "t", "t", "t", "t", "t", "t", "t", "t", "t", "t", "t", "t", "t", "t", "t", "t", "t", "t", "t", "t", "t", "t", "t"]}