{"initial_reset_timestamp": 1675959959.479511, "timestamps": [1675959959.762311, 1675959959.9942641, 1675959960.221056, 1675959960.4412138, 1675959960.6682198, 1675959960.891923, 1675959961.115477, 1675959966.696654, 1675959966.920713, 1675959967.146048, 1675959967.372397, 1675959967.605031, 1675959967.8329961, 1675959968.123967, 1675959972.841225, 1675959973.0783842, 1675959973.306222, 1675959973.550473, 1675959973.850292, 1675959974.080781, 1675959974.314639, 1675959992.7690911, 1675959992.9872682, 1675959993.221476, 1675959993.435103, 1675959993.657619, 1675959993.877505, 1675959994.101954, 1675960012.261812, 1675960012.465649, 1675960012.673258, 1675960012.880285, 1675960013.08955, 1675960013.301091, 1675960013.507856, 1675960032.756861, 1675960032.967297, 1675960033.180619, 1675960033.392004, 1675960033.6015391, 1675960033.8183439, 1675960034.02754, 1675960053.640007, 1675960053.8635368, 1675960054.087025, 1675960054.309153, 1675960054.5363169, 1675960054.757344, 1675960054.98393, 1675960074.1273248, 1675960074.351246, 1675960074.5750442, 1675960074.799529, 1675960075.02956, 1675960075.2522209, 1675960075.475422, 1675960094.677737, 1675960094.899172, 1675960095.1297338, 1675960095.357901, 1675960095.601749, 1675960095.8620028, 1675960096.09647, 1675960114.912576, 1675960115.137629, 1675960115.3621252, 1675960115.592222, 1675960115.8280199, 1675960116.113083, 1675960116.337518, 1675960135.048096, 1675960135.309151, 1675960135.553786, 1675960135.796264, 1675960136.0376909, 1675960136.278487, 1675960136.510438, 1675960155.222796, 1675960155.4608939, 1675960155.700386, 1675960155.937189, 1675960156.1843572, 1675960156.430942, 1675960156.665348, 1675960175.308492, 1675960175.538545, 1675960175.772286, 1675960176.002174, 1675960176.2422469, 1675960176.469225, 1675960176.699051, 1675960195.286125, 1675960195.512064, 1675960195.745652, 1675960195.971125, 1675960196.1975749, 1675960196.42347, 1675960196.6456902, 1675960218.200903, 1675960218.436979, 1675960218.6715488, 1675960218.9089532, 1675960219.141548, 1675960219.3706439, 1675960219.5986109, 1675960241.0460732, 1675960241.3152032, 1675960241.5849972, 1675960241.815872, 1675960242.0463731, 1675960242.275392, 1675960242.5029602, 1675960261.825539, 1675960262.0519092, 1675960262.277319, 1675960262.507506, 1675960262.7393532, 1675960262.968897, 1675960263.204257, 1675960282.320765, 1675960282.554304, 1675960282.789464, 1675960283.028141, 1675960283.308713, 1675960283.698875, 1675960284.017771], "episode_lengths": [150, 150, 150, 150, 150, 150, 150, 150, 150, 150, 150, 150, 150, 150, 150, 150, 150, 150, 150, 150, 150, 150, 150, 150, 150, 150, 150, 150, 150, 150, 150, 150, 150, 150, 150, 150, 150, 150, 150, 150, 150, 150, 150, 150, 150, 150, 150, 150, 150, 150, 150, 150, 150, 150, 150, 150, 150, 150, 150, 150, 150, 150, 150, 150, 150, 150, 150, 150, 150, 150, 150, 150, 150, 150, 150, 150, 150, 150, 150, 150, 150, 150, 150, 150, 150, 150, 150, 150, 150, 150, 150, 150, 150, 150, 150, 150, 150, 150, 150, 150, 150, 150, 150, 150, 150, 150, 150, 150, 150, 150, 150, 150, 150, 150, 150, 150, 150, 150, 150, 150, 150, 150, 150, 150, 150, 150], "episode_rewards": [-150.0, -150.0, -150.0, -150.0, -150.0, -150.0, -150.0, -150.0, -150.0, -150.0, -150.0, -150.0, -150.0, -150.0, -150.0, -150.0, -150.0, -150.0, -150.0, -150.0, -150.0, -150.0, -150.0, -150.0, -150.0, -150.0, -150.0, -150.0, -150.0, -150.0, -150.0, -150.0, -150.0, -150.0, -150.0, -150.0, -150.0, -150.0, -150.0, -150.0, -150.0, -150.0, -150.0, -150.0, -150.0, -150.0, -150.0, -150.0, -150.0, -150.0, -150.0, -150.0, -150.0, -150.0, -150.0, -150.0, -150.0, -150.0, -150.0, -150.0, -150.0, -150.0, -150.0, -150.0, -150.0, -150.0, -150.0, -150.0, -150.0, -150.0, -150.0, -150.0, -150.0, -150.0, -150.0, -150.0, -150.0, -150.0, -150.0, -150.0, -150.0, -150.0, -150.0, -150.0, -150.0, -150.0, -150.0, -150.0, -150.0, -150.0, -150.0, -150.0, -150.0, -150.0, -150.0, -150.0, -150.0, -150.0, -150.0, -150.0, -150.0, -150.0, -150.0, -150.0, -150.0, -150.0, -150.0, -150.0, -150.0, -150.0, -150.0, -150.0, -150.0, -150.0, -150.0, -150.0, -150.0, -150.0, -150.0, -150.0, -150.0, -150.0, -150.0, -150.0, -150.0, -150.0], "episode_types": ["t", "t", "t", "t", "t", "t", "t", "t", "t", "t", "t", "t", "t", "t", "t", "t", "t", "t", "t", "t", "t", "t", "t", "t", "t", "t", "t", "t", "t", "t", "t", "t", "t", "t", "t", "t", "t", "t", "t", "t", "t", "t", "t", "t", "t", "t", "t", "t", "t", "t", "t", "t", "t", "t", "t", "t", "t", "t", "t", "t", "t", "t", "t", "t", "t", "t", "t", "t", "t", "t", "t", "t", "t", "t", "t", "t", "t", "t", "t", "t", "t", "t", "t", "t", "t", "t", "t", "t", "t", "t", "t", "t", "t", "t", "t", "t", "t", "t", "t", "t", "t", "t", "t", "t", "t", "t", "t", "t", "t", "t", "t", "t", "t", "t", "t", "t", "t", "t", "t", "t", "t", "t", "t", "t", "t", "t"]}