{"initial_reset_timestamp": 1675885840.035468, "timestamps": [1675885845.261663, 1675885845.503221, 1675885845.7744691, 1675885845.998423, 1675885846.223552, 1675885846.575961, 1675885846.9027998, 1675885847.2687721, 1675885847.5892181, 1675885847.902483, 1675885848.2163782, 1675885848.524576, 1675885848.8325188, 1675885849.1377149, 1675885849.441546, 1675885849.744443, 1675885850.046955, 1675885850.3476381, 1675885850.652045, 1675885850.958653, 1675885857.140896, 1675885857.446866, 1675885857.750595, 1675885858.055613, 1675885858.3584929, 1675885858.659641, 1675885858.977267, 1675885859.281714, 1675885859.5840268, 1675885859.8933408, 1675885860.195987, 1675885860.496762, 1675885860.8020558, 1675885861.106047, 1675885861.4024792, 1675885861.736299, 1675885862.038534, 1675885862.341704, 1675885862.6436899, 1675885862.942951, 1675885869.6109598, 1675885870.5967429, 1675885871.577796, 1675885872.570739, 1675885873.5761569, 1675885874.568465, 1675885875.566489, 1675885876.560071, 1675885877.585719, 1675885878.5966752, 1675885879.642466, 1675885880.640407, 1675885881.651519, 1675885882.668233, 1675885883.687121, 1675885884.716806, 1675885885.802291, 1675885886.834887, 1675885887.855068, 1675885888.880865, 1675885895.5358279, 1675885896.562547, 1675885897.587788, 1675885898.6184802, 1675885899.6942751, 1675885900.7373672, 1675885901.766685, 1675885902.677014, 1675885903.7095602, 1675885904.75277, 1675885905.779414, 1675885906.820524, 1675885907.883688, 1675885908.3893929, 1675885908.8207948, 1675885909.281951, 1675885909.8661451, 1675885910.454329, 1675885911.490793, 1675885912.529857, 1675885913.054302, 1675885913.523444, 1675885914.1237152, 1675885914.577418, 1675885915.37519, 1675885916.08964, 1675885916.623321, 1675885923.450651, 1675885924.053354, 1675885924.794848, 1675885925.512394, 1675885926.047843, 1675885926.615807, 1675885927.0565991, 1675885927.529382, 1675885928.3291578, 1675885928.87778, 1675885929.50464, 1675885930.018282, 1675885930.47196, 1675885931.091611, 1675885931.731934, 1675885932.2643058, 1675885932.756408, 1675885933.260074, 1675885933.88729, 1675885934.422338, 1675885934.947723, 1675885935.332896, 1675885935.731723, 1675885936.333111, 1675885936.840071, 1675885937.293823, 1675885937.7582772, 1675885938.204119, 1675885938.758361, 1675885939.2934542, 1675885939.789267, 1675885940.3084118, 1675885940.824543, 1675885941.354835, 1675885941.9692092, 1675885942.451566, 1675885942.8928409, 1675885943.343368, 1675885943.874043, 1675885944.341151, 1675885944.879593, 1675885945.4907699, 1675885945.94113, 1675885946.7501981, 1675885947.173093, 1675885947.608261, 1675885948.095996, 1675885948.783654, 1675885949.461067, 1675885956.0250251, 1675885956.6342258, 1675885957.316067, 1675885958.1117718, 1675885958.6873112, 1675885959.317601, 1675885960.037002, 1675885960.45809, 1675885961.154508, 1675885961.641727, 1675885962.107214, 1675885962.655762, 1675885963.462913, 1675885964.342109, 1675885964.866703, 1675885965.661695, 1675885966.133538, 1675885966.905934, 1675885967.50811, 1675885968.07918, 1675885968.666291, 1675885969.0415318, 1675885969.951738, 1675885970.446573, 1675885971.044584, 1675885971.6152809, 1675885972.278079, 1675885973.0726452, 1675885973.755465, 1675885974.187249, 1675885974.649753, 1675885975.2458, 1675885975.8496141, 1675885976.2907221, 1675885976.743042, 1675885977.317108, 1675885977.81087, 1675885978.271747, 1675885978.7202299, 1675885979.7195709, 1675885980.360032, 1675885986.815108, 1675885987.52752, 1675885987.94208, 1675885988.436522, 1675885989.116425, 1675885989.686663, 1675885990.557469, 1675885991.152216, 1675885991.705724, 1675885992.4413571, 1675885992.911447, 1675885993.511777, 1675885993.987168, 1675885994.575617, 1675885995.3364842, 1675885995.8559968, 1675885996.4587069, 1675885996.958832, 1675885997.5430322, 1675885998.113153, 1675885998.910329, 1675885999.578157, 1675886000.1509042, 1675886000.65871, 1675886001.2674189, 1675886002.001473, 1675886002.66539, 1675886003.37776, 1675886004.0580711, 1675886004.9832351, 1675886005.772723, 1675886006.279535, 1675886006.904062, 1675886007.3800142, 1675886008.367598, 1675886009.077926, 1675886009.56588, 1675886010.303136, 1675886026.240971, 1675886026.785086, 1675886027.737996, 1675886028.41932, 1675886029.419151, 1675886030.17127, 1675886030.8209112, 1675886031.572906, 1675886032.577875, 1675886033.185971, 1675886033.766798, 1675886034.8172748, 1675886035.803895, 1675886036.279644, 1675886036.9362729, 1675886037.9226282, 1675886038.523493, 1675886039.057936, 1675886039.575351, 1675886040.1428978, 1675886040.741605, 1675886041.491678, 1675886042.07614, 1675886042.7725492, 1675886043.495035, 1675886044.042043, 1675886045.041379, 1675886045.481822, 1675886046.405035, 1675886046.876076, 1675886047.486848, 1675886048.098719, 1675886064.196254, 1675886065.2461069, 1675886065.904041, 1675886066.451423, 1675886067.0891771, 1675886067.993113, 1675886068.838896, 1675886069.9359841, 1675886070.387373, 1675886070.9022741, 1675886071.482611, 1675886072.290283, 1675886073.366598, 1675886074.407462, 1675886075.537363, 1675886076.612705, 1675886077.247722, 1675886077.9636989, 1675886079.0376298, 1675886080.1881979, 1675886081.367417, 1675886082.116673, 1675886083.0973172, 1675886083.660094, 1675886084.6477041, 1675886085.381878, 1675886085.9144928, 1675886086.9148102, 1675886087.48473, 1675886088.099853, 1675886103.917249, 1675886104.543157, 1675886105.159982, 1675886105.9005089, 1675886106.560478, 1675886107.6509619, 1675886108.310364, 1675886109.549401, 1675886110.256706, 1675886111.320169, 1675886112.1985621, 1675886113.0242019, 1675886114.4101708, 1675886115.617218, 1675886116.701531, 1675886117.808586, 1675886118.292097], "episode_lengths": [50, 50, 50, 50, 50, 50, 50, 50, 50, 50, 50, 50, 49, 50, 50, 50, 50, 50, 50, 50, 50, 50, 50, 50, 50, 50, 50, 50, 50, 50, 50, 50, 50, 50, 50, 50, 50, 50, 50, 50, 50, 50, 50, 50, 50, 50, 50, 50, 50, 50, 50, 50, 50, 50, 50, 50, 50, 50, 50, 50, 50, 50, 50, 50, 50, 50, 50, 42, 50, 50, 50, 50, 50, 18, 13, 15, 23, 23, 50, 50, 19, 15, 24, 15, 33, 31, 20, 40, 24, 32, 31, 20, 22, 14, 16, 36, 20, 26, 16, 15, 25, 27, 20, 17, 18, 26, 20, 19, 11, 12, 24, 18, 14, 16, 15, 21, 20, 18, 19, 16, 20, 25, 17, 14, 15, 20, 16, 20, 25, 15, 37, 13, 14, 17, 30, 25, 38, 25, 29, 37, 23, 26, 32, 13, 27, 15, 16, 21, 21, 24, 19, 36, 16, 20, 18, 19, 23, 10, 44, 18, 24, 23, 28, 36, 30, 14, 16, 24, 25, 15, 15, 23, 18, 16, 15, 50, 25, 37, 31, 13, 18, 29, 23, 42, 24, 22, 33, 16, 25, 17, 24, 32, 20, 25, 18, 23, 23, 37, 29, 23, 19, 25, 33, 27, 32, 30, 45, 37, 19, 26, 17, 50, 25, 18, 31, 50, 20, 46, 30, 50, 32, 28, 35, 50, 25, 24, 50, 50, 17, 26, 50, 25, 19, 20, 23, 25, 34, 24, 31, 32, 22, 50, 15, 46, 16, 23, 26, 28, 49, 28, 13, 26, 35, 20, 28, 15, 18, 21, 28, 50, 50, 50, 42, 21, 28, 50, 50, 50, 31, 47, 19, 40, 30, 21, 50, 22, 26, 24, 23, 17, 34, 19, 50, 22, 50, 28, 37, 30, 31, 47, 50, 40, 50, 17],