{"initial_reset_timestamp": 1675885840.276431, "timestamps": [1675885840.524579, 1675885840.765407, 1675885840.996982, 1675885841.26627, 1675885841.5012338, 1675885841.7384498, 1675885841.97312, 1675885842.205887, 1675885842.436807, 1675885842.6678882, 1675885842.905905, 1675885843.141846, 1675885843.3673532, 1675885843.599106, 1675885843.830503, 1675885844.0638819, 1675885844.2927191, 1675885844.5272892, 1675885844.762418, 1675885844.993532, 1675885845.2228632, 1675885852.495565, 1675885852.734445, 1675885852.985079, 1675885853.226347, 1675885853.4630752, 1675885853.696033, 1675885853.931513, 1675885854.163955, 1675885854.397599, 1675885854.629247, 1675885854.8711739, 1675885855.1042602, 1675885855.3365939, 1675885855.569988, 1675885855.8056, 1675885856.0813608, 1675885856.3125162, 1675885856.544138, 1675885856.776941, 1675885857.013592, 1675885864.410623, 1675885864.6411982, 1675885864.8786, 1675885865.113853, 1675885865.344447, 1675885865.575121, 1675885865.805608, 1675885866.038971, 1675885866.270245, 1675885866.504117, 1675885866.7839081, 1675885867.0151172, 1675885867.24509, 1675885867.474607, 1675885867.704923, 1675885867.933739, 1675885868.172225, 1675885868.401323, 1675885868.6335099, 1675885868.871177, 1675885890.3962681, 1675885890.6195042, 1675885890.8493109, 1675885891.076121, 1675885891.361218, 1675885891.581889, 1675885891.804835, 1675885892.03016, 1675885892.252692, 1675885892.4768908, 1675885892.700377, 1675885892.9231339, 1675885893.150941, 1675885893.373306, 1675885893.598079, 1675885893.82001, 1675885894.045405, 1675885894.2657769, 1675885894.489098, 1675885894.712797, 1675885918.326808, 1675885918.5552452, 1675885918.787738, 1675885919.018825, 1675885919.2540338, 1675885919.480721, 1675885919.708716, 1675885919.933589, 1675885920.166272, 1675885920.397449, 1675885920.6265988, 1675885920.90208, 1675885921.133682, 1675885921.349601, 1675885921.580451, 1675885921.805632, 1675885922.036874, 1675885922.2714791, 1675885922.499477, 1675885922.7308319, 1675885922.961785, 1675885951.062443, 1675885951.286548, 1675885951.5112672, 1675885951.733973, 1675885951.963299, 1675885952.1946409, 1675885952.4236841, 1675885952.648756, 1675885952.87613, 1675885953.100327, 1675885953.325272, 1675885953.5507278, 1675885953.7732038, 1675885954.003926, 1675885954.2281868, 1675885954.452703, 1675885954.6766589, 1675885954.9063811, 1675885955.171796, 1675885955.393683, 1675885982.3913689, 1675885982.616704, 1675885982.845033, 1675885983.069878, 1675885983.2953348, 1675885983.518356, 1675885983.743389, 1675885983.970219, 1675885984.198099, 1675885984.423551, 1675885984.649765, 1675885984.889194, 1675885985.1145432, 1675885985.3926752, 1675885985.6167219, 1675885985.838498, 1675885986.0619159, 1675885986.285295, 1675885986.510046, 1675885986.7350678, 1675886012.063433, 1675886012.274602, 1675886012.480473, 1675886012.696697, 1675886012.905937, 1675886013.114913, 1675886013.3228421, 1675886013.526758, 1675886013.736608, 1675886013.9466581, 1675886014.153238, 1675886014.362002, 1675886014.56922, 1675886014.7783492, 1675886015.037979, 1675886015.247666, 1675886015.4536068, 1675886015.6575942, 1675886015.861585, 1675886016.0687418, 1675886016.2747362, 1675886016.4864168, 1675886016.6929731, 1675886016.904716, 1675886017.1152818, 1675886017.321302, 1675886017.5284731, 1675886017.73326, 1675886017.943083, 1675886018.153288, 1675886018.35862, 1675886018.565311, 1675886018.775777, 1675886018.981178, 1675886019.187534, 1675886019.395602, 1675886019.602078, 1675886019.805656, 1675886020.0147588, 1675886020.218731, 1675886020.425697, 1675886020.632076, 1675886020.844734, 1675886021.0513449, 1675886021.262594, 1675886021.467077, 1675886021.677214, 1675886021.886785, 1675886022.093546, 1675886022.298188, 1675886022.5493739, 1675886022.763701, 1675886022.967075, 1675886023.1768022, 1675886023.380157, 1675886023.5845408, 1675886023.7878232, 1675886023.997182, 1675886024.205392, 1675886024.4175942, 1675886024.621975, 1675886024.838846, 1675886025.06212, 1675886025.270883, 1675886025.478199, 1675886025.685005, 1675886049.676311, 1675886049.8819258, 1675886050.095995, 1675886050.301048, 1675886050.510228, 1675886050.719747, 1675886050.932708, 1675886051.1436539, 1675886051.348168, 1675886051.55298, 1675886051.759821, 1675886051.96655, 1675886052.175833, 1675886052.383003, 1675886052.589664, 1675886052.8010418, 1675886053.0090508, 1675886053.2193081, 1675886053.4252958, 1675886053.6320992, 1675886053.882997, 1675886054.092088, 1675886054.300962, 1675886054.509548, 1675886054.713471, 1675886054.932684, 1675886055.137378, 1675886055.34426, 1675886055.55074, 1675886055.759682, 1675886055.964501, 1675886056.177141, 1675886056.3799639, 1675886056.594512, 1675886056.8050408, 1675886057.013796, 1675886057.249223, 1675886057.461254, 1675886057.665157, 1675886057.87427, 1675886058.0809238, 1675886058.286179, 1675886058.4904802, 1675886058.702281, 1675886058.91249, 1675886059.168447, 1675886059.371947, 1675886059.57883, 1675886059.7858062, 1675886060.000013, 1675886060.209555, 1675886060.4191658, 1675886060.629955, 1675886060.844278, 1675886061.055309, 1675886061.262371, 1675886061.472165, 1675886061.6759958, 1675886061.882537, 1675886062.090771, 1675886062.2975261, 1675886062.504162, 1675886062.710998, 1675886062.927507, 1675886063.133624, 1675886063.34179, 1675886063.5527081, 1675886063.764979, 1675886089.8304482, 1675886090.037528, 1675886090.246067, 1675886090.4614432, 1675886090.66879, 1675886090.881827, 1675886091.087183, 1675886091.2947211, 1675886091.500382, 1675886091.719317, 1675886091.924896, 1675886092.137743, 1675886092.393007, 1675886092.600395, 1675886092.811883, 1675886093.022413, 1675886093.228671, 1675886093.434623, 1675886093.646027, 1675886093.855146, 1675886094.062596, 1675886094.2690618, 1675886094.4738078, 1675886094.684567, 1675886094.897861, 1675886095.104675, 1675886095.312387, 1675886095.5164611, 1675886095.723209, 1675886095.9290528, 1675886096.138913, 1675886096.356778, 1675886096.5615098, 1675886096.772557, 1675886096.980774, 1675886097.191552, 1675886097.397567, 1675886097.6092749, 1675886097.8185742, 1675886098.0262, 1675886098.2359428, 1675886098.444221, 1675886098.649277, 1675886098.86076, 1675886099.070296, 1675886099.3325398, 1675886099.535554, 1675886099.743846, 1675886099.959153, 1675886100.1692421, 1675886100.380699, 1675886100.5942621, 1675886100.804616, 1675886101.0080252, 1675886101.231154, 1675886101.439191, 1675886101.6483111, 1675886101.8577092, 1675886102.0676758, 1675886102.2753322, 1675886102.4882271, 1675886102.702192, 1675886102.9128408, 1675886103.121098, 1675886103.3336372, 1675886103.5381918, 1675886103.7508638],