{"initial_reset_timestamp": 1675886847.318333, "timestamps": [1675886852.536503, 1675886852.7651641, 1675886853.0228732, 1675886853.248291, 1675886853.474965, 1675886853.823898, 1675886854.1486511, 1675886854.467714, 1675886854.7833128, 1675886855.104645, 1675886855.4117508, 1675886855.71877, 1675886856.0247622, 1675886856.342873, 1675886856.6569018, 1675886856.96098, 1675886857.270509, 1675886857.5732229, 1675886857.8763678, 1675886858.179778, 1675886864.29955, 1675886864.607193, 1675886864.914921, 1675886865.21596, 1675886865.5178418, 1675886865.81689, 1675886866.125899, 1675886866.434672, 1675886866.7423658, 1675886867.0588832, 1675886867.375084, 1675886867.6761239, 1675886867.9749498, 1675886868.280596, 1675886868.583625, 1675886868.939969, 1675886869.241429, 1675886869.543091, 1675886869.841121, 1675886870.1416361, 1675886876.8516228, 1675886877.828285, 1675886878.8221388, 1675886879.801801, 1675886880.792872, 1675886881.776018, 1675886882.770337, 1675886883.7605739, 1675886884.764825, 1675886885.800607, 1675886886.813644, 1675886887.8211288, 1675886888.836745, 1675886889.845821, 1675886890.869503, 1675886891.888932, 1675886892.915185, 1675886893.929426, 1675886894.962198, 1675886895.974456, 1675886902.692863, 1675886903.7210119, 1675886904.7784371, 1675886905.805845, 1675886906.882158, 1675886907.915361, 1675886908.972374, 1675886909.999138, 1675886911.045839, 1675886912.081472, 1675886913.130079, 1675886914.1694112, 1675886915.2177122, 1675886916.25183, 1675886917.3015912, 1675886918.340856, 1675886919.3801138, 1675886920.414495, 1675886921.46815, 1675886922.5003798, 1675886929.337536, 1675886930.367587, 1675886931.4045959, 1675886932.4383202, 1675886933.4764018, 1675886934.507518, 1675886935.544668, 1675886936.56881, 1675886937.59483, 1675886938.516438, 1675886939.541344, 1675886940.5556989, 1675886941.581449, 1675886942.5940852, 1675886943.6168058, 1675886944.630796, 1675886945.650273, 1675886946.702358, 1675886947.72308, 1675886948.7421381, 1675886955.7907689, 1675886956.812646, 1675886957.842525, 1675886958.8705752, 1675886959.877444, 1675886960.9003189, 1675886961.9029021, 1675886962.91699, 1675886963.9218612, 1675886964.939808, 1675886965.983233, 1675886966.998657, 1675886967.999922, 1675886969.015381, 1675886970.018955, 1675886971.0256572, 1675886972.027154, 1675886973.037846, 1675886974.0320342, 1675886975.054262, 1675886981.931085, 1675886982.941296, 1675886983.973824, 1675886985.02663, 1675886986.021188, 1675886987.054073, 1675886988.061088, 1675886989.070341, 1675886990.067481, 1675886991.0728152, 1675886992.12992, 1675886993.13901, 1675886994.1422248, 1675886995.427594, 1675886996.711422, 1675886997.7112231, 1675886998.708524, 1675886999.706938, 1675887000.714367, 1675887001.838065, 1675887016.512497, 1675887017.5511339, 1675887018.546997, 1675887019.586381, 1675887020.5818691, 1675887021.586058, 1675887022.581681, 1675887023.580182, 1675887024.575089, 1675887025.575187, 1675887026.5639749, 1675887027.559322], "episode_lengths": [50, 50, 50, 50, 50, 50, 50, 50, 50, 50, 50, 50, 50, 50, 50, 50, 50, 50, 50, 50, 50, 50, 50, 50, 50, 50, 50, 50, 50, 50, 50, 50, 50, 50, 50, 50, 50, 50, 50, 50, 50, 50, 50, 50, 50, 50, 50, 50, 50, 50, 50, 50, 50, 50, 50, 50, 50, 50, 50, 50, 50, 50, 50, 50, 50, 50, 50, 50, 50, 50, 50, 50, 50, 50, 50, 50, 50, 50, 50, 50, 50, 50, 50, 50, 50, 50, 50, 50, 50, 44, 50, 50, 50, 50, 50, 50, 50, 50, 50, 50, 50, 50, 50, 50, 50, 50, 50, 50, 50, 50, 50, 50, 50, 50, 50, 50, 50, 50, 50, 50, 50, 50, 50, 50, 50, 50, 50, 50, 50, 50, 50, 50, 50, 50, 50, 50, 50, 50, 50, 50, 50, 50, 50, 50, 50, 50, 50, 50, 50, 50, 50, 50], "episode_rewards": [-50.0, -50.0, -50.0, -50.0, -50.0, -50.0, -50.0, -50.0, -50.0, -50.0, -50.0, -50.0, -50.0, -50.0, -50.0, -50.0, -50.0, -50.0, -50.0, -50.0, -50.0, -50.0, -50.0, -50.0, -50.0, -50.0, -50.0, -50.0, -50.0, -50.0, -50.0, -50.0, -50.0, -50.0, -50.0, -50.0, -50.0, -50.0, -50.0, -50.0, -50.0, -50.0, -50.0, -50.0, -50.0, -50.0, -50.0, -50.0, -50.0, -50.0, -50.0, -50.0, -50.0, -50.0, -50.0, -50.0, -50.0, -50.0, -50.0, -50.0, -50.0, -50.0, -50.0, -50.0, -50.0, -50.0, -50.0, -50.0, -50.0, -50.0, -50.0, -50.0, -50.0, -50.0, -50.0, -50.0, -50.0, -50.0, -50.0, -50.0, -50.0, -50.0, -50.0, -50.0, -50.0, -50.0, -50.0, -50.0, -50.0, -43.0, -50.0, -50.0, -50.0, -50.0, -50.0, -50.0, -50.0, -50.0, -50.0, -50.0, -50.0, -50.0, -50.0, -50.0, -50.0, -50.0, -50.0, -50.0, -50.0, -50.0, -50.0, -50.0, -50.0, -50.0, -50.0, -50.0, -50.0, -50.0, -50.0, -50.0, -50.0, -50.0, -50.0, -50.0, -50.0, -50.0, -50.0, -50.0, -50.0, -50.0, -50.0, -50.0, -50.0, -50.0, -50.0, -50.0, -50.0, -50.0, -50.0, -50.0, -50.0, -50.0, -50.0, -50.0, -50.0, -50.0, -50.0, -50.0, -50.0, -50.0, -50.0, -50.0], "episode_types": ["t", "t", "t", "t", "t", "t", "t", "t", "t", "t", "t", "t", "t", "t", "t", "t", "t", "t", "t", "t", "t", "t", "t", "t", "t", "t", "t", "t", "t", "t", "t", "t", "t", "t", "t", "t", "t", "t", "t", "t", "t", "t", "t", "t", "t", "t", "t", "t", "t", "t", "t", "t", "t", "t", "t", "t", "t", "t", "t", "t", "t", "t", "t", "t", "t", "t", "t", "t", "t", "t", "t", "t", "t", "t", "t", "t", "t", "t", "t", "t", "t", "t", "t", "t", "t", "t", "t", "t", "t", "t", "t", "t", "t", "t", "t", "t", "t", "t", "t", "t", "t", "t", "t", "t", "t", "t", "t", "t", "t", "t", "t", "t", "t", "t", "t", "t", "t", "t", "t", "t", "t", "t", "t", "t", "t", "t", "t", "t", "t", "t", "t", "t", "t", "t", "t", "t", "t", "t", "t", "t", "t", "t", "t", "t", "t", "t", "t", "t", "t", "t", "t", "t"]}