{"initial_reset_timestamp": 1675886847.544493, "timestamps": [1675886847.786602, 1675886848.017339, 1675886848.249915, 1675886848.509418, 1675886848.742217, 1675886848.9842188, 1675886849.216641, 1675886849.446611, 1675886849.680938, 1675886849.913955, 1675886850.146615, 1675886850.376174, 1675886850.603772, 1675886850.8364968, 1675886851.067806, 1675886851.303333, 1675886851.532586, 1675886851.762389, 1675886851.993769, 1675886852.231393, 1675886852.45925, 1675886859.7021031, 1675886859.932352, 1675886860.1675851, 1675886860.401335, 1675886860.632344, 1675886860.868295, 1675886861.101844, 1675886861.333428, 1675886861.563155, 1675886861.7934709, 1675886862.024023, 1675886862.256376, 1675886862.4893801, 1675886862.723996, 1675886862.952262, 1675886863.24291, 1675886863.48056, 1675886863.712445, 1675886863.941329, 1675886864.173814, 1675886871.602038, 1675886871.8309708, 1675886872.069878, 1675886872.3156118, 1675886872.549079, 1675886872.783995, 1675886873.013987, 1675886873.2466078, 1675886873.47962, 1675886873.762269, 1675886873.991515, 1675886874.224225, 1675886874.457682, 1675886874.687135, 1675886874.935998, 1675886875.169742, 1675886875.4026392, 1675886875.63124, 1675886875.863262, 1675886876.096044, 1675886897.478067, 1675886897.701802, 1675886897.924565, 1675886898.151223, 1675886898.434171, 1675886898.6559849, 1675886898.886655, 1675886899.1126761, 1675886899.335326, 1675886899.5591419, 1675886899.781805, 1675886900.004268, 1675886900.230571, 1675886900.4536052, 1675886900.679233, 1675886900.905633, 1675886901.131168, 1675886901.351896, 1675886901.5751, 1675886901.8037918, 1675886924.050566, 1675886924.2799182, 1675886924.511328, 1675886924.751127, 1675886924.981395, 1675886925.214282, 1675886925.4433432, 1675886925.673176, 1675886925.9023108, 1675886926.1342201, 1675886926.365851, 1675886926.594195, 1675886926.826266, 1675886927.062467, 1675886927.296702, 1675886927.524836, 1675886927.755855, 1675886928.041996, 1675886928.270369, 1675886928.497698, 1675886950.430944, 1675886950.65864, 1675886950.8966248, 1675886951.129983, 1675886951.339831, 1675886951.572326, 1675886951.801759, 1675886952.036386, 1675886952.26544, 1675886952.497561, 1675886952.7277231, 1675886953.013626, 1675886953.2480068, 1675886953.473608, 1675886953.702417, 1675886953.9285471, 1675886954.163859, 1675886954.393657, 1675886954.625416, 1675886954.865969, 1675886955.1011379, 1675886976.682333, 1675886976.911206, 1675886977.1291368, 1675886977.355412, 1675886977.636588, 1675886977.859597, 1675886978.084616, 1675886978.3081942, 1675886978.5307891, 1675886978.761624, 1675886978.98354, 1675886979.2096, 1675886979.441477, 1675886979.672058, 1675886979.8954601, 1675886980.1183412, 1675886980.332493, 1675886980.556726, 1675886980.7805078, 1675886981.0083609, 1675886981.234012, 1675887003.472058, 1675887003.691027, 1675887003.8995159, 1675887004.107326, 1675887004.316743, 1675887004.521021, 1675887004.728105, 1675887004.942251, 1675887005.152611, 1675887005.358287, 1675887005.569458, 1675887005.790996, 1675887006.0001202, 1675887006.208935, 1675887006.416564, 1675887006.621975, 1675887006.8331368, 1675887007.045185, 1675887007.298746, 1675887007.5474198, 1675887007.759904, 1675887007.983574, 1675887008.200018, 1675887008.411629, 1675887008.618431, 1675887008.8282292, 1675887009.040614, 1675887009.245832, 1675887009.465128, 1675887009.676309, 1675887009.880503, 1675887010.089414, 1675887010.297686, 1675887010.5082738, 1675887010.71431, 1675887010.930936, 1675887011.137429, 1675887011.3481119, 1675887011.5541172, 1675887011.763808, 1675887011.981334, 1675887012.235392, 1675887012.442594, 1675887012.651167, 1675887012.8589702, 1675887013.072623, 1675887013.293605, 1675887013.501336, 1675887013.713928, 1675887013.917652, 1675887014.127475, 1675887014.3329642, 1675887014.545335, 1675887014.758184, 1675887014.970467, 1675887015.179615, 1675887015.393585, 1675887015.6000261, 1675887015.8138409], "episode_lengths": [50, 50, 50, 49, 50, 50, 50, 50, 50, 50, 50, 50, 44, 50, 50, 50, 50, 50, 50, 50, 47, 50, 50, 50, 50, 50, 50, 50, 50, 50, 50, 50, 50, 50, 50, 50, 50, 50, 50, 50, 50, 50, 50, 50, 50, 50, 50, 50, 50, 50, 50, 50, 50, 50, 50, 50, 50, 50, 50, 50, 50, 50, 50, 50, 50, 50, 50, 50, 50, 50, 50, 50, 50, 50, 50, 50, 50, 50, 50, 50, 50, 50, 50, 50, 50, 50, 50, 50, 50, 50, 50, 50, 50, 50, 50, 50, 50, 50, 50, 50, 50, 50, 50, 50, 50, 22, 50, 50, 50, 50, 50, 50, 50, 50, 50, 50, 50, 50, 50, 50, 50, 50, 49, 50, 33, 50, 50, 50, 50, 50, 50, 50, 50, 50, 50, 50, 50, 50, 30, 50, 50, 50, 50, 15, 31, 20, 14, 15, 12, 14, 14, 16, 13, 21, 36, 14, 18, 16, 14, 16, 22, 12, 16, 16, 36, 18, 16, 11, 14, 22, 12, 21, 14, 11, 15, 12, 17, 14, 17, 14, 21, 14, 20, 24, 18, 14, 16, 12, 22, 25, 15, 16, 11, 16, 11, 20, 20, 15, 17, 24, 13, 24], "episode_rewards": [-50.0, -50.0, -50.0, -48.0, -50.0, -50.0, -50.0, -50.0, -50.0, -50.0, -50.0, -50.0, -43.0, -50.0, -50.0, -50.0, -50.0, -50.0, -50.0, -50.0, -46.0, -50.0, -50.0, -50.0, -50.0, -50.0, -50.0, -50.0, -50.0, -50.0, -50.0, -50.0, -50.0, -50.0, -50.0, -50.0, -50.0, -50.0, -50.0, -50.0, -50.0, -50.0, -50.0, -50.0, -50.0, -50.0, -50.0, -50.0, -50.0, -50.0, -50.0, -50.0, -50.0, -50.0, -50.0, -50.0, -50.0, -50.0, -50.0, -50.0, -50.0, -50.0, -50.0, -50.0, -50.0, -50.0, -50.0, -50.0, -50.0, -50.0, -50.0, -50.0, -50.0, -50.0, -50.0, -50.0, -50.0, -50.0, -50.0, -50.0, -50.0, -50.0, -50.0, -50.0, -50.0, -50.0, -50.0, -50.0, -50.0, -50.0, -50.0, -50.0, -50.0, -50.0, -50.0, -50.0, -50.0, -50.0, -50.0, -50.0, -50.0, -50.0, -50.0, -50.0, -50.0, -21.0, -50.0, -50.0, -50.0, -50.0, -50.0, -50.0, -50.0, -50.0, -50.0, -50.0, -50.0, -50.0, -50.0, -50.0, -50.0, -50.0, -48.0, -50.0, -32.0, -50.0, -50.0, -50.0, -50.0, -50.0, -50.0, -50.0, -50.0, -50.0, -50.0, -50.0, -50.0, -50.0, -29.0, -50.0, -50.0, -50.0, -50.0, -14.0, -30.0, -19.0, -13.0, -14.0, -11.0, -13.0, -13.0, -15.0, -12.0, -20.0, -35.0, -13.0, -17.0, -15.0, -13.0, -15.0, -21.0, -11.0, -15.0, -15.0, -35.0, -17.0, -15.0, -10.0, -13.0, -21.0, -11.0, -20.0, -13.0, -10.0, -14.0, -11.0, -16.0, -13.0, -16.0, -13.0, -20.0, -13.0, -19.0, -23.0, -17.0, -13.0, -15.0, -11.0, -21.0, -24.0, -14.0, -15.0, -10.0, -15.0, -10.0, -19.0, -19.0, -14.0, -16.0, -23.0, -12.0, -23.0], "episode_types": ["t", "t", "t", "t", "t", "t", "t", "t", "t", "t", "t", "t", "t", "t", "t", "t", "t", "t", "t", "t", "t", "t", "t", "t", "t", "t", "t", "t", "t", "t", "t", "t", "t", "t", "t", "t", "t", "t", "t", "t", "t", "t", "t", "t", "t", "t", "t", "t", "t", "t", "t", "t", "t", "t", "t", "t", "t", "t", "t", "t", "t", "t", "t", "t", "t", "t", "t", "t", "t", "t", "t", "t", "t", "t", "t", "t", "t", "t", "t", "t", "t", "t", "t", "t", "t", "t", "t", "t", "t", "t", "t", "t", "t", "t", "t", "t", "t", "t", "t", "t", "t", "t", "t", "t", "t", "t", "t", "t", "t", "t", "t", "t", "t", "t", "t", "t", "t", "t", "t", "t", "t", "t", "t", "t", "t", "t", "t", "t", "t", "t", "t", "t", "t", "t", "t", "t", "t", "t", "t", "t", "t", "t", "t", "t", "t", "t", "t", "t", "t", "t", "t", "t", "t", "t", "t", "t", "t", "t", "t", "t", "t", "t", "t", "t", "t", "t", "t", "t", "t", "t", "t", "t", "t", "t", "t", "t", "t", "t", "t", "t", "t", "t", "t", "t", "t", "t", "t", "t", "t", "t", "t", "t", "t", "t", "t", "t", "t", "t", "t", "t", "t", "t"]}