{"initial_reset_timestamp": 1678205074.2350662, "timestamps": [1678205079.518923, 1678205079.7545931, 1678205080.007828, 1678205080.233388, 1678205080.4588952, 1678205080.809899, 1678205081.133395, 1678205081.447745, 1678205081.757279, 1678205082.064634, 1678205082.374178, 1678205082.6809201, 1678205082.983001, 1678205083.290244, 1678205083.5918531, 1678205083.890176, 1678205084.1889, 1678205084.488398, 1678205084.7874649, 1678205085.086524, 1678205091.207099, 1678205091.514403, 1678205091.817199, 1678205092.11477, 1678205092.414017, 1678205092.710142, 1678205093.010738, 1678205093.3134909, 1678205093.617847, 1678205093.914069, 1678205094.212748, 1678205094.510911, 1678205094.814659, 1678205095.114489, 1678205095.407186, 1678205095.75175, 1678205096.047977, 1678205096.3473222, 1678205096.6458318, 1678205096.938275, 1678205103.609828, 1678205104.584737], "episode_lengths": [50, 50, 50, 50, 50, 50, 50, 50, 50, 50, 50, 50, 50, 50, 50, 50, 50, 50, 50, 50, 50, 50, 50, 50, 50, 50, 50, 50, 50, 50, 50, 50, 50, 50, 50, 50, 50, 50, 50, 50, 50, 50], "episode_rewards": [-50.0, -50.0, -50.0, -50.0, -50.0, -50.0, -50.0, -50.0, -50.0, -50.0, -50.0, -50.0, -50.0, -50.0, -50.0, -50.0, -50.0, -50.0, -50.0, -50.0, -50.0, -50.0, -50.0, -50.0, -50.0, -50.0, -50.0, -50.0, -50.0, -50.0, -50.0, -50.0, -50.0, -50.0, -50.0, -50.0, -50.0, -49.0, -50.0, -50.0, -50.0, -50.0], "episode_types": ["t", "t", "t", "t", "t", "t", "t", "t", "t", "t", "t", "t", "t", "t", "t", "t", "t", "t", "t", "t", "t", "t", "t", "t", "t", "t", "t", "t", "t", "t", "t", "t", "t", "t", "t", "t", "t", "t", "t", "t", "t", "t", "t"]}