{"initial_reset_timestamp": 1678205074.47759, "timestamps": [1678205074.731755, 1678205074.957877, 1678205075.190717, 1678205075.4445388, 1678205075.677513, 1678205075.90556, 1678205076.1359649, 1678205076.364622, 1678205076.601692, 1678205076.82804, 1678205077.061322, 1678205077.3076549, 1678205077.538763, 1678205077.7969291, 1678205078.055059, 1678205078.295151, 1678205078.542664, 1678205078.7776089, 1678205079.017758, 1678205079.252417, 1678205079.480376, 1678205086.623189, 1678205086.856647, 1678205087.089636, 1678205087.31868, 1678205087.549471, 1678205087.780141, 1678205088.008645, 1678205088.2372348, 1678205088.4945211, 1678205088.726212, 1678205088.954793, 1678205089.1913111, 1678205089.419998, 1678205089.6507719, 1678205089.876874, 1678205090.1570282, 1678205090.38539, 1678205090.613792, 1678205090.840846, 1678205091.072892, 1678205098.4091148, 1678205098.6410549, 1678205098.869605, 1678205099.105881, 1678205099.34176, 1678205099.570368, 1678205099.81025, 1678205100.039741, 1678205100.272922, 1678205100.5491729, 1678205100.777515, 1678205101.005214, 1678205101.2402282, 1678205101.466101, 1678205101.695711, 1678205101.923288, 1678205102.1538718, 1678205102.379101, 1678205102.60888, 1678205102.83763], "episode_lengths": [50, 50, 50, 49, 50, 50, 50, 50, 50, 50, 50, 50, 44, 50, 50, 50, 50, 50, 50, 50, 47, 50, 50, 50, 50, 50, 50, 50, 50, 50, 50, 50, 50, 50, 50, 50, 50, 50, 50, 50, 50, 50, 50, 50, 50, 50, 50, 50, 50, 50, 50, 50, 50, 50, 50, 50, 50, 50, 50, 50, 50], "episode_rewards": [-50.0, -50.0, -50.0, -48.0, -50.0, -50.0, -50.0, -50.0, -50.0, -50.0, -50.0, -50.0, -43.0, -50.0, -50.0, -50.0, -50.0, -50.0, -50.0, -50.0, -46.0, -50.0, -50.0, -50.0, -50.0, -50.0, -50.0, -50.0, -50.0, -50.0, -50.0, -50.0, -50.0, -50.0, -50.0, -50.0, -50.0, -50.0, -50.0, -50.0, -50.0, -50.0, -50.0, -50.0, -50.0, -50.0, -50.0, -50.0, -50.0, -50.0, -50.0, -50.0, -50.0, -50.0, -50.0, -50.0, -50.0, -50.0, -50.0, -50.0, -50.0], "episode_types": ["t", "t", "t", "t", "t", "t", "t", "t", "t", "t", "t", "t", "t", "t", "t", "t", "t", "t", "t", "t", "t", "t", "t", "t", "t", "t", "t", "t", "t", "t", "t", "t", "t", "t", "t", "t", "t", "t", "t", "t", "t", "t", "t", "t", "t", "t", "t", "t", "t", "t", "t", "t", "t", "t", "t", "t", "t", "t", "t", "t", "t"]}