{"initial_reset_timestamp": 1675886122.4421031, "timestamps": [1675886122.6900868, 1675886122.932021, 1675886123.1676311, 1675886123.44442, 1675886123.68575], "episode_lengths": [50, 50, 50, 49, 50], "episode_rewards": [-50.0, -50.0, -50.0, -48.0, -50.0], "episode_types": ["t", "t", "t", "t", "t"]}