{"initial_reset_timestamp": 1675956989.45535, "timestamps": [1675956989.692993, 1675956989.918041, 1675956990.148349, 1675956990.373485, 1675956990.599155, 1675956990.822149, 1675956991.0421839, 1675956995.0719411, 1675956995.2917829, 1675956995.512161, 1675956995.73776, 1675956995.9628081, 1675956996.1832871, 1675956996.406435, 1675957000.7677171, 1675957000.9871612, 1675957001.208409, 1675957001.4363499, 1675957001.711508, 1675957001.9361181, 1675957002.157674, 1675957019.842962, 1675957020.0506182, 1675957020.26015, 1675957020.465416, 1675957020.673814, 1675957020.879808, 1675957021.088963, 1675957039.591733, 1675957039.798547, 1675957040.012372, 1675957040.2227762, 1675957040.430201, 1675957040.637635, 1675957040.849878, 1675957060.090282, 1675957060.302058, 1675957060.511563, 1675957060.717392, 1675957060.927249, 1675957061.132576, 1675957061.34011, 1675957082.936479, 1675957083.1712132, 1675957083.4110599, 1675957083.724129, 1675957083.941439, 1675957084.17694, 1675957084.4060931, 1675957105.996396, 1675957106.2792919, 1675957106.700243, 1675957107.027348, 1675957107.3182578, 1675957107.5481641, 1675957107.7689989, 1675957127.5630348, 1675957127.772716, 1675957127.9778528, 1675957128.187903, 1675957128.39433, 1675957128.601971, 1675957128.809311, 1675957147.9538429, 1675957148.160108, 1675957148.3628428, 1675957148.5655522, 1675957148.780694, 1675957149.003558, 1675957149.21906, 1675957167.722353, 1675957167.926312, 1675957168.137579, 1675957168.346154, 1675957168.551312, 1675957168.7556171, 1675957168.961805, 1675957187.175957, 1675957187.3941739, 1675957187.617426, 1675957187.8361971, 1675957188.057457, 1675957188.334962, 1675957188.563616, 1675957207.0322912, 1675957207.2659252, 1675957207.496107, 1675957207.732867, 1675957207.987055, 1675957208.2321181, 1675957208.472694, 1675957227.0614731, 1675957227.32061, 1675957227.5356338, 1675957227.7526112, 1675957227.969762, 1675957228.186553, 1675957228.400372, 1675957246.5928981, 1675957246.808747, 1675957247.02782, 1675957247.245232, 1675957247.461659, 1675957247.6862102, 1675957247.9013371, 1675957266.298916, 1675957266.520683, 1675957266.723906, 1675957266.9417531, 1675957267.160438, 1675957267.384435, 1675957267.665899, 1675957267.864269, 1675957286.3983202, 1675957286.621314, 1675957286.843007, 1675957287.066144, 1675957287.284236, 1675957287.502366, 1675957287.721511, 1675957306.462503, 1675957306.694688, 1675957306.947911, 1675957307.231696, 1675957307.469512, 1675957307.6550689, 1675957307.8718898, 1675957308.022613, 1675957308.2776551, 1675957308.525235, 1675957328.9395359, 1675957329.153606, 1675957329.386229, 1675957329.607584, 1675957329.8190348, 1675957330.04899, 1675957330.2827652, 1675957330.526405, 1675957349.0161521, 1675957349.197222, 1675957349.40984, 1675957349.627937, 1675957349.798529, 1675957350.024568, 1675957350.252892, 1675957350.458828, 1675957350.678335, 1675957368.9505439, 1675957369.171445, 1675957369.391832, 1675957369.6183429, 1675957369.841824, 1675957369.9977138, 1675957370.224086, 1675957370.442326, 1675957389.337165, 1675957389.558975, 1675957389.7871308, 1675957390.010462, 1675957390.2288, 1675957390.446347, 1675957390.658138, 1675957408.9634318, 1675957409.179605, 1675957409.3955562, 1675957409.6190012, 1675957409.8368142, 1675957410.063152, 1675957410.286465, 1675957428.855694, 1675957429.077572, 1675957429.297964, 1675957429.5194318, 1675957429.7472708, 1675957429.966209, 1675957430.187497, 1675957448.5928268, 1675957448.822054, 1675957449.035692, 1675957449.260213, 1675957449.4895098, 1675957449.7182631, 1675957449.941951, 1675957468.2858539, 1675957468.5005782, 1675957468.72143, 1675957468.940104, 1675957469.1664221, 1675957469.3847492, 1675957469.603651, 1675957487.825011, 1675957488.038653, 1675957488.254923, 1675957488.466315, 1675957488.6884422, 1675957488.9043, 1675957489.122795, 1675957507.514079, 1675957507.743288, 1675957507.973664, 1675957508.191203, 1675957508.409426, 1675957508.626119, 1675957508.844437, 1675957527.2487411, 1675957527.464544, 1675957527.688962, 1675957527.911073, 1675957528.130075, 1675957528.3476648, 1675957528.569648, 1675957546.94737, 1675957547.126111, 1675957547.347829, 1675957547.5729542, 1675957547.794313, 1675957547.9840481, 1675957548.2039711, 1675957548.4209752, 1675957566.753759, 1675957566.968883, 1675957567.185689, 1675957567.402519, 1675957567.624237, 1675957567.867816, 1675957568.095923, 1675957586.4841652, 1675957586.699072, 1675957586.918614, 1675957587.137604, 1675957587.356877, 1675957587.580987, 1675957587.824752, 1675957606.0970392, 1675957606.314157, 1675957606.533694, 1675957606.7509592, 1675957606.976087, 1675957607.1969311, 1675957607.415605, 1675957625.933097, 1675957626.148496, 1675957626.370107, 1675957626.5908349, 1675957626.809111, 1675957627.024359, 1675957627.240646, 1675957645.982186, 1675957646.22336, 1675957646.449604, 1675957646.684182, 1675957646.9156458, 1675957647.147802, 1675957647.373832, 1675957666.156867, 1675957666.375735, 1675957666.594143, 1675957666.8092601, 1675957667.027052, 1675957667.249559, 1675957667.4671412, 1675957685.869727, 1675957686.085854, 1675957686.303277, 1675957686.519068, 1675957686.733289, 1675957686.948319, 1675957687.1694322, 1675957705.6548212, 1675957705.873585, 1675957706.097706, 1675957706.3160589, 1675957706.5394151, 1675957706.7555468, 1675957706.9715562, 1675957725.104674, 1675957725.3215082, 1675957725.538814, 1675957725.758643, 1675957725.980067, 1675957726.1976478, 1675957726.412818, 1675957726.627948, 1675957744.998718, 1675957745.2163148, 1675957745.432352, 1675957745.655658, 1675957745.8707368, 1675957746.0894048, 1675957746.3087249, 1675957764.631071, 1675957764.849823, 1675957765.002999, 1675957765.223665, 1675957765.440641, 1675957765.666185, 1675957765.882698, 1675957766.098125, 1675957784.343148, 1675957784.5585642, 1675957784.746377, 1675957784.969573, 1675957785.190679, 1675957785.410225, 1675957785.691612, 1675957785.869557, 1675957804.272346, 1675957804.491648, 1675957804.7087202, 1675957804.9262831, 1675957805.147134, 1675957805.362564, 1675957805.580239, 1675957824.019884, 1675957824.237683, 1675957824.4320378, 1675957824.653304, 1675957824.8694952, 1675957825.085153, 1675957825.302264, 1675957825.518771, 1675957843.878766, 1675957844.049201, 1675957844.2393699, 1675957844.412006, 1675957844.5904808, 1675957844.757513, 1675957844.933196, 1675957845.081219, 1675957845.253168, 1675957845.4014971, 1675957845.581929, 1675957845.7969532, 1675957845.940212, 1675957846.0860841, 1675957846.279121, 1675957864.5996108, 1675957864.755779, 1675957864.9022322, 1675957865.066432, 1675957865.2313259, 1675957865.398517, 1675957865.558294, 1675957865.723264, 1675957865.8716109, 1675957866.024904, 1675957866.182948, 1675957866.332565, 1675957866.526483, 1675957866.668982, 1675957866.8165498, 1675957867.0747619, 1675957867.24228, 1675957867.40363, 1675957867.584136, 1675957886.091907, 1675957886.243348, 1675957886.4241762, 1675957886.603724, 1675957886.756804, 1675957886.916533, 1675957887.099091, 1675957887.257417, 1675957887.423635, 1675957887.5889091, 1675957887.7633228, 1675957887.9055371, 1675957888.084366, 1675957888.258867, 1675957888.431765, 1675957888.60704, 1675957907.029918, 1675957907.186003, 1675957907.347179, 1675957907.504489, 1675957907.690531, 1675957907.856596, 1675957908.0126028, 1675957908.269592, 1675957908.423787, 1675957908.564747, 1675957908.71066, 1675957908.854309, 1675957909.041541, 1675957909.200278, 1675957909.367717, 1675957909.5454762, 1675957909.7027469, 1675957909.8564858, 1675957910.008826, 1675957910.1681259, 1675957928.5780191, 1675957928.732856, 1675957928.931205, 1675957929.0859032, 1675957929.2477329, 1675957929.399662, 1675957929.5725172, 1675957929.738838, 1675957929.906534, 1675957930.0644119, 1675957930.2633002, 1675957930.42943, 1675957930.572902, 1675957930.754358, 1675957930.908052, 1675957931.066871, 1675957931.234473, 1675957931.388084, 1675957931.539169, 1675957931.6865752, 1675957931.857322, 