{"initial_reset_timestamp": 1675956989.3023381, "timestamps": [1675956991.1468549, 1675956991.493784, 1675956992.000032, 1675956992.49645, 1675956992.9561589, 1675956993.4239638, 1675956996.5293891, 1675956996.979876, 1675956997.431734, 1675956997.902836, 1675956998.364033, 1675956998.80538, 1675956999.148505, 1675957002.8849049, 1675957005.324974, 1675957007.754387, 1675957010.1838431, 1675957012.633057, 1675957015.1369321, 1675957017.638411, 1675957022.652128, 1675957025.185896, 1675957027.472956, 1675957030.0493581, 1675957032.6216059, 1675957035.2236521, 1675957037.86994, 1675957043.1068218, 1675957045.8097012, 1675957048.497092, 1675957051.216722, 1675957053.929847, 1675957056.647516, 1675957061.9644532, 1675957064.698766, 1675957067.970058, 1675957071.023198, 1675957074.028853, 1675957077.090333, 1675957080.078955, 1675957085.937251, 1675957088.854987, 1675957091.8999932, 1675957094.979212, 1675957098.058645, 1675957100.9984078, 1675957103.948342, 1675957110.8923352, 1675957113.8100932, 1675957116.406584, 1675957119.023018, 1675957121.6185129, 1675957124.243969, 1675957129.337593, 1675957131.928412, 1675957134.57113, 1675957137.1873128, 1675957139.779604, 1675957142.352347, 1675957145.307104, 1675957150.584596, 1675957153.158901, 1675957155.7661629, 1675957158.313161, 1675957160.864563, 1675957163.418387, 1675957165.975702, 1675957171.095346, 1675957173.65864, 1675957176.204749, 1675957178.7713852, 1675957181.312456, 1675957183.869161, 1675957189.0864499, 1675957191.6891918, 1675957194.27845, 1675957196.819169, 1675957199.3635352, 1675957201.961042, 1675957204.500034, 1675957209.814851, 1675957212.393663, 1675957214.93587, 1675957217.533979, 1675957220.1677718, 1675957222.740053, 1675957225.2971818, 1675957230.567112, 1675957233.109955, 1675957235.65443, 1675957238.216628, 1675957240.747979, 1675957243.292515, 1675957248.4165828, 1675957250.95086, 1675957253.493737, 1675957256.0847301, 1675957258.627297, 1675957261.272259, 1675957263.858963, 1675957269.185502, 1675957271.761322, 1675957274.302193, 1675957276.845747, 1675957279.467825, 1675957282.0728152, 1675957284.612423, 1675957289.85137, 1675957292.462497, 1675957295.0074298, 1675957297.548046, 1675957300.5881321, 1675957303.154471, 1675957309.091325, 1675957311.905827, 1675957314.675783, 1675957317.276523, 1675957320.314728, 1675957323.497681, 1675957326.229595, 1675957331.922719, 1675957334.6300921, 1675957337.168572, 1675957339.714164, 1675957342.241972, 1675957344.779412, 1675957347.3194659, 1675957352.807203, 1675957355.354615, 1675957357.923347, 1675957360.50898, 1675957363.052908, 1675957365.596438, 1675957371.063963, 1675957373.7088299, 1675957376.441793, 1675957379.012465, 1675957381.584322, 1675957384.188299, 1675957386.727823, 1675957391.983567, 1675957394.530277, 1675957397.0798872, 1675957399.6235268, 1675957402.166666, 1675957404.6992168, 1675957407.2411609, 1675957412.416758, 1675957414.971644, 1675957417.640901, 1675957420.233463, 1675957422.907111, 1675957425.453574, 1675957430.7462301, 1675957433.303435, 1675957435.873139, 1675957438.4195142, 1675957440.9639812, 1675957443.503148, 1675957446.057733, 1675957451.257385, 1675957453.819415, 1675957456.3556428, 1675957458.888962, 1675957461.4157271, 1675957463.971437, 1675957466.511091, 1675957471.7411351, 1675957474.294662, 1675957476.834016, 1675957479.401949, 1675957481.9604511, 1675957484.504491, 1675957489.648981, 1675957492.193364, 1675957494.7463522, 1675957497.298549, 1675957499.863914, 1675957502.4039092, 1675957504.952362, 1675957510.1764889, 1675957512.725757, 1675957515.278868, 1675957517.837147, 1675957520.381585, 1675957522.9216719, 1675957525.542293, 1675957530.743537, 1675957533.356977, 1675957535.938119, 1675957538.4973052, 1675957541.035404, 1675957543.582968, 1675957548.936827, 1675957551.4839292, 1675957554.0508301, 1675957556.602582, 1675957559.150589, 1675957561.7059698, 1675957564.247061, 1675957569.412353, 1675957571.9718668, 1675957574.515557, 1675957577.06323, 1675957579.608347, 1675957582.158239, 1675957584.698096, 1675957589.988283, 1675957592.5474072, 1675957595.1039062, 1675957597.656937, 1675957600.217899, 1675957602.768184, 1675957607.94023, 1675957610.483022, 1675957613.0452569, 1675957615.654144, 1675957618.24367, 1675957620.783814, 1675957623.3305101, 1675957628.5896478, 1675957631.147328, 1675957633.7027571, 1675957636.251991, 1675957638.8057652, 1675957641.4432, 1675957644.173122, 1675957649.629459, 1675957652.395929, 1675957655.0996501, 1675957657.688957, 1675957660.249995, 1675957662.79167, 1675957667.9974039, 1675957670.5382159, 1675957673.0902872, 1675957675.712951, 1675957678.2518342, 1675957680.799142, 1675957683.349854, 1675957688.5205371, 1675957691.076939, 1675957693.6412249, 1675957696.183083, 1675957698.7282188, 1675957701.33252, 1675957703.8876958, 1675957709.096747, 1675957711.6608698, 1675957714.203326, 1675957716.748395, 1675957719.3255959, 1675957721.880766, 1675957727.144783, 1675957729.696964, 1675957732.253694, 1675957734.7956648, 1675957737.3505259, 1675957739.896808, 1675957742.435015, 1675957747.640075, 1675957750.207435, 1675957752.7461782, 1675957755.288867, 1675957757.8451579, 1675957760.393047, 1675957762.936736, 1675957768.23904, 1675957770.857982, 1675957773.402396, 1675957775.9588401, 1675957778.5303109, 1675957781.084216, 1675957786.3905752, 1675957788.93094, 1675957791.474329, 1675957794.024114, 1675957796.6214972, 1675957799.169353, 1675957801.714188, 1675957806.9084811, 1675957809.4871948, 1675957812.041366, 1675957814.5962088, 1675957817.139078, 1675957819.739635, 1675957822.3081322, 1675957827.659549, 1675957830.228448, 1675957832.770068, 1675957835.327317, 1675957837.90644, 1675957840.458826, 1675957846.798869, 1675957849.352866, 1675957851.910177, 1675957854.4575381, 1675957857.023165, 1675957859.56576, 1675957862.129288, 1675957868.9409459, 1675957871.4965591, 1675957874.053979, 1675957876.6197739, 1675957879.162669, 1675957881.723444, 1675957884.3053749, 1675957890.784357, 1675957893.3363268, 1675957895.935222, 1675957898.646964, 1675957901.2054589, 1675957903.7714932, 1675957910.685, 1675957913.250348, 1675957915.8269491, 1675957918.384417, 1675957920.925657, 1675957923.484659, 1675957926.108929, 1675957933.182871, 1675957935.753377, 1675957938.306769, 1675957940.8632221, 1675957943.441592, 1675957946.0363462, 1675957948.60398, 1675957955.5158641, 1675957958.107023, 1675957960.672798, 1675957963.23195, 1675957965.7977018, 1675957968.360362],